ID,dataset,split,premise,hypothesis,gold_label,annotator_count,all_present_exact_match,Alternative_KB,Ettore_KB,Jorryt_KB,Lasha_KB,Stefan_KB,Ettore_Jorryt_match,Ettore_Lasha_match,Ettore_Stefan_match,Jorryt_Lasha_match,Jorryt_Stefan_match,Lasha_Stefan_match,esnli_id,esnli_split,esnli_label,explanation_1,explanation_2,explanation_3,split_agrees,label_agrees
114368470.jpg#1r1e,snli,dev,Boy standing in line in a grocery store with his items on the conveyor belt.,He is waiting to pay.,entailment,2,False,"(boy, he); (stand, wait)","(stand, wait)",NO_RELATION,,NO_RELATION,False,,False,,False,,esnli_validation_3402,validation,entailment,A person in line at the store is waiting to pay.,A boy is male and can therefore be referred to as He. The fact that the boy is standing in line with his items on the conveyor belt tells us that he is waiting to pay for his items.,"The conveyor belt in a grocery store is located in the aisle used to check out. The boy has items on the conveyor belt and is standing in line. That means that he is waiting for the cashier to scan his items and give him the total due, so he is waiting to pay.",True,True
1184967930.jpg#4r4e,snli,train,A dog in a field.,A dog is in grass.,entailment,3,False,,,NO_RELATION,NO_RELATION,"(field, grass)",,,,True,False,False,esnli_train_109436,train,entailment,Field is the same thing as grass.,,,True,True
119364730.jpg#3r1e,snli,train,"A man wearing a plastic bib with a crab on it, holds up a wooden hammer.",A man holding a hammer.,entailment,2,False,,NO_RELATION,NO_RELATION,"(hold up, hold)",,True,False,,False,,,esnli_train_357650,train,entailment,"A man wearing a bib, holds up a wooden hammer.",,,True,True
1403064674.jpg#3r1e,snli,dev,A guy looking out over the scenic forest.,A person is viewing the forest.,entailment,2,False,,"(guy, person); (look, view)",,"(guy, person); (look out, view)","(guy, person); (look out, view)",,False,False,,,True,esnli_validation_7622,validation,entailment,A guy looking out over the scenic forest means person should be viewing the forest.,A person can be a guy and he is viewing the forest.,"Guy is person, and viewing is looking out.",True,True
1405221276.jpg#4r1e,snli,dev,Two dogs shaking themselves dry on the sand.,Two dogs shake off water to get dry.,entailment,2,True,,NO_RELATION,NO_RELATION,NO_RELATION,,False,True,,False,,,esnli_validation_2210,validation,entailment,"""Dogs shake off water,""  is a rephrasing of ""dogs shaking themselves dry.""",Shaking themselves dry means to shake off water.,shaking themselves is inferred as shake off,True,True
1425529973.jpg#2r1e,snli,dev,A man perched on a row of aquariums is using a net to scoop a fish from another aquarium.,A man is moving aquatic life.,entailment,3,False,,,"(fish, aquatic life)","(fish, aquatic life); (scoop, move)","(fish, aquatic life)",,,,False,False,False,esnli_validation_6290,validation,entailment,A man using a net to scoop a fish must be moving aquatic life.,Using a net to scoop fish is the same as moving aquatic life.,"If  uses a net on a fish, he is moving aquatic life.",True,True
147236031.jpg#1r1e,snli,dev,An Asian woman is looking at the camera while trimming asparagus.,Woman cuts vegetables.,entailment,2,True,,"(asparagus, vegetable); (trim, cut)",,"(asparagus, vegetable); (trim, cut)","(asparagus, vegetable); (trim, cut)",,True,True,,,True,esnli_validation_4056,validation,entailment,Trimming is a form of cutting.  An asparagus is a type of vegetable.,"Asian woman is a woman, and trimming asparagus is a type of cuts vegetables.",trimming asparagus refer to cuts asparagus,True,True
158827073.jpg#2r1e,snli,dev,Young girl playing with chocolate milk powder.,There is a girl playing with food,entailment,2,True,,"(chocolate milk powder, food)","(chocolate milk powder, food)","(chocolate milk powder, food)",,True,True,,True,,,esnli_validation_8563,validation,entailment,Chocolate milk powder is a type of food.,A girl is a girl and chocolate is a food.,The girl is playing with food that is chocolate milk powder.,True,True
1796608106.jpg#4r1e,snli,dev,A woman building herself a sand castle.,a women is making a sand castle,entailment,2,True,,"(build, make)","(build, make)","(build, make)",,True,True,,True,,,esnli_validation_1612,validation,entailment,Building means the same as making.,"Same subject (woman) with similar verbs (building, making) and the same direct objects (sand castle).",Building is a way of making something.,True,True
2021602343.jpg#2r1e,snli,dev,A boy with a basketballs glowers at the camera.,The boy scowls,entailment,2,True,,"(glower, scowl)","(glower, scowl)","(glower, scowl)",,True,True,,True,,,esnli_validation_2421,validation,entailment,A boy at the camera means the boy scowling.,"If a boy glowers at a camera, if follows that he scowls.",Glowers and scowls mean the same thing.,True,True
207584893.jpg#3r1e,snli,train,Hang glider on beach,air sport on beach,entailment,2,True,,"(hang glider, air sport)","(hang glider, air sport)",,"(hang glider, air sport)",False,,True,,False,,esnli_train_470075,train,entailment,Hang glider is an air sport.,,,True,True
2079152458.jpg#0r1e,snli,dev,"A golden-colored dog, with his eyes alert, holds a brightly colored tennis ball in his mouth.",The dog is light colored,entailment,2,False,,"(golden, light)","(golden-colored, light colored)",,"(golden-colored, light colored)",False,,False,,False,,esnli_validation_2104,validation,entailment,A light golden-colored dog.,Light colored is a vague phrasing of golden-colored.,"The colour gold is a light one, thus a golden-colored dog is a light-colored dog.",True,True
2095711097.jpg#1r1e,snli,train,Construction masons at work laying concrete blocks on a multistory building.,Concrete work is being done on a multistory building,entailment,2,False,,"(block, work)",,NO_RELATION,NO_RELATION,,False,False,,,True,esnli_train_471749,train,entailment,Masons laying concrete blocks may also be described as concrete work being done.,,,True,True
2109479807.jpg#0r1e,snli,dev,Four females wearing helments are riding on an ATV.,Four women are driving an all terrain vehicle.,entailment,3,False,,,,"(atv, all terrain vehicle); (female, woman); (ride, drive)","(atv, all terrain vehicle); (female, woman)",,,,False,False,False,esnli_validation_1535,validation,entailment,Four females and four women are equivalent and they being riding on an ATV means driving an all terrain vehicle.,Riding on an ATV implies driving an all terrain vehicle.,Wearing helmets is often done when people are driving ATVs.,True,True
2137789511.jpg#1r1e,snli,dev,A person rides his bicycle in the sand beside the ocean.,A person is on a beach.,entailment,2,False,,"(sand, beach)",NO_RELATION,,NO_RELATION,False,,False,,False,,esnli_validation_121,validation,entailment,A beach is the same as beside the ocean.,A person rides besides the ocean means is on a beach if there is sand beside the ocean.,Sand beside ocean is a beach.,True,True
2195887578.jpg#2r1e,snli,test,"Two men in suits standing in front of a bus, one is wearing a medal.",Two men are standing in front of a large vehicle.,entailment,2,True,,"(bus, large vehicle)","(bus, large vehicle)","(bus, large vehicle)",,True,True,,True,,,esnli_test_7919,test,entailment,A bus is a large vehicle.,A bus is a large vehicle.,"A bus is a large vehicle. The two men are standing in front of a bus, therefore two men are standing in from of a large vehicle.",True,True
2201978994.jpg#1r1e,snli,dev,Two kids in winter clothing play near a lakefront.,kids playing near a lake,entailment,2,False,,"(lakefront, lake)",,NO_RELATION,"(lakefront, lake)",,False,True,,,False,esnli_validation_3921,validation,entailment,'Kids playing near a lake' is a simpler form of 'two kids play near a lakefront'.,Two kids in winter means there are kids playing ear a lakefront or lake.,Near a lakefront means they're near a lake.,True,True
2208055895.jpg#4r1e,snli,dev,Child inside of large snow fort.,A child within a snowy structure.,entailment,3,False,"(snow fort, snowy structure); (inside, within)",,"(snow fort, snowy structure)","(snow fort, snowy structure)","(fort, structure); (inside, within)",,,,True,False,False,esnli_validation_3878,validation,entailment,"Inside is synonym of within, and snow fort implies snowy structure.",A child within a snowy structure is rephrase of child inside of large snow fort.,snowy structure is a more general rephrasing of snow fort.,True,True
2217728745.jpg#4r1e,snli,train,A man in a bar.,A guy in a bar.,entailment,2,True,,"(man, guy)","(man, guy)",,"(man, guy)",False,,True,,False,,esnli_train_411666,train,entailment,A guy is a man.,,,True,True
2218743570.jpg#4r1n,snli,dev,A husky and a black cat nuzzling.,A dog and cat are friendly.,entailment,2,False,,"(husky, dog); (nuzzling, friendly)","(husky, dog)",,"(husky, dog)",False,,False,,True,,esnli_validation_3268,validation,entailment,nuzzling refers to friendly,"Husky is a kind of dog, and nuzzling implies are friendly.","A husky is a type of dog, and ""nuzzling"" is a friendly behavior between animals.",True,True
2232255534.jpg#0r1e,snli,dev,A young man in jogging slacks is checking information on his mobile devise while listening to something on a crowded commuter rail car.,a man in jogging pants checks his device,entailment,3,False,"(slacks, pants)",,"(jogging slack, jogging pant)","(mobile devise, device); (slacks, pants)","(devise, device); (slacks, pants)",,,,False,False,False,esnli_validation_1746,validation,entailment,Slacks are a type of pants.,"Jogging pants could be called ""jogging slacks.""",a young man in jogging slacks is checking information in his mobile while a man in jogging pants checking some information in his mobile,True,True
2237364221.jpg#3r1e,snli,dev,A man tries to get himself into shape on a treadmill.,A man exercising.,entailment,2,True,,NO_RELATION,,NO_RELATION,NO_RELATION,,True,False,,,False,esnli_validation_3802,validation,entailment,The man is excercising on a treadmill trying to get back in shape.,"treadmill is a fitness equipment in a gym, which is used for exercising.",Get himself into shape implies man exercising.,True,True
2255375425.jpg#2r1e,snli,dev,A man is sitting in on the side of the street with brass pots.,A man is sitting.,entailment,2,True,,NO_RELATION,NO_RELATION,,NO_RELATION,True,,True,,True,,esnli_validation_375,validation,entailment,A man is sitting repeats a man is sitting.,Sitting on the side of the street is sitting.,The man is sitting in both sentences no other information is included in the second sentence,True,True
2275372714.jpg#3r1e,snli,dev,The kids watched as the soda bottle launched into the air.,There is a soda bottle flying.,entailment,2,False,,"(launch, fly)",NO_RELATION,,NO_RELATION,False,,False,,True,,esnli_validation_3525,validation,entailment,"If a bottle has been launched into the air, then it is understood that it must be flying",The soda bottle being launched into the air implies that it is flying.,"If the bottle is launched in the air, the bottle is flying.",True,True
2276230068.jpg#4r1e,snli,dev,A baby with star shades on.,A baby wearing glasses.,entailment,3,False,,,NO_RELATION,"(star shades, glasses)","(shades, glasses)",,,,False,False,False,esnli_validation_3818,validation,entailment,Shades on means wearing glasses.,Star shades can be interpreted as glasses,Shades are also known as glasses.,True,True
2279906281.jpg#1r1e,snli,dev,A shirtless man is being filmed in the middle of a soccer field.,A topless male is being recorded on a sports field.,entailment,2,False,,"(film, record); (man, male); (shirtless, topless); (soccer, sport)","(film, record); (topless, shirtless); (man, male); (soccer field, sports field)",,"(film, record); (man, male); (shirtless, topless); (soccer field, sports field)",False,,False,,False,,esnli_validation_3604,validation,entailment,A topless male recorded on a sports field is a rephrasing of a shirtless man filmed on a soccer field.,Filmed in the middle of a soccer field is the paraphrase of being recorded on a sports field.,"""A topless male is being recorded""is a restatement of ""A shirtless man is being filmed"".",True,True
228280436.jpg#1r1e,snli,test,A group of people are buying fruits and vegetables from a stand located in a street market.,The stand selling produce is in a street market.,entailment,2,False,,NO_RELATION,,"(fruit, produce); (vegetable, produce)","(fruits and vegetables, produce)",,False,False,,,False,esnli_test_6084,test,entailment,fruits and vegetable are sold by stand located in street market so stand selling produce is in a street market,"If people are buying fruits from the stand, the stand is selling prodce.",both sentences are located in a street market,True,True
23012662.jpg#4r1e,snli,dev,Blond tennis player pauses to view the crowd.,A tennis player is looking at the crowd.,entailment,2,False,,"(view, look at)",,"(view, look at)","(view, look)",,False,False,,,False,esnli_validation_7210,validation,entailment,To view and to be looking at are synonyms,Looking is the method to view something.,To view something means that you are looking at it. The tennis player views the crowd means they are looking at the crowd.,True,True
2343145630.jpg#0r4e,snli,train,"A black singer with short, spiked hair plays guitar and sings, while a bassist plays behind him.",A person with pointy hair is singing while another person playing an instrument is in back of him.,entailment,3,False,,,"(bassist, person); (spiked, pointy)","(bassist, person); (singer, person); (spiked, pointy)","(singer, person); (spiked, pointy); (bassist, person)",,,,False,False,False,esnli_train_502905,train,entailment,SHORT SPIKED HAIR IS POINTY.  THE INSTRUMENT THEY ARE PLAYING IS A GUITAR AND BASSIST.,,,True,True
2367387854.jpg#1r1e,snli,dev,"A woman with dark hair wearing a dark shirt, jeans, and glasses is talking into a microphone.",A woman is speaking into a device.,entailment,2,True,,"(microphone, device); (talk, speak)","(microphone, device); (talk, speak)",,"(microphone, device); (talk, speak)",False,,True,,False,,esnli_validation_3956,validation,entailment,A microphone is a device.,A woman that is speaking into a device implies the woman is talking into a microphone.,"A woman ""talking into a microphone"" is a rephrasing of a woman ""speaking into a device"".",True,True
237424188.jpg#0r1e,snli,dev,"A girl wearing a red shirt and jeans is sitting in a rocking chair at a cluttered desk, while another girl wearing a black t-shirt and jogging pants is sitting on the floor writing on a piece of paper with other papers arranged around her.",two girls in a room,entailment,3,True,,,NO_RELATION,NO_RELATION,NO_RELATION,,,,True,True,True,esnli_validation_3231,validation,entailment,A girl sitting in a chair and another girl sitting on the floor are two girls in a room.,"A girl and another girl equals two girls, and a desk and a floor implies they are in a room.",The two girls in a room are the girl in a rocking chair at a desk and another girl on the floor which suggests they are in a room.,True,True
2384728877.jpg#0r1e,snli,dev,The woman is holding the hand of the little girl in the red dress with the polka-dotted skirt.,A little girl wearing a red dress holds a woman's hand.,entailment,2,True,,NO_RELATION,,NO_RELATION,NO_RELATION,,True,True,,,True,esnli_validation_7541,validation,entailment,"Hand holding is reciprocal, both parties must hold and be held or vice versa.","The phrase ""woman is holding the hand of the little girl"" is a rephrasing of ""A little girl...holds a woman's hand.""",We can assume that the woman is holding the little girl's hand with her own hand.,True,True
2393059551.jpg#1r1e,snli,dev,Two people work construction on the inside of a house.,Two people work inside.,entailment,2,True,,NO_RELATION,NO_RELATION,,NO_RELATION,True,,True,,True,,esnli_validation_841,validation,entailment,The people are inside because they are inside of a house.,The words in sentence 2 ( two people work inside ) all appear sequentially inside sentence 1.,Construction inside the house being done by two people,True,True
241345721.jpg#4r1e,snli,dev,Men playing football.,Some men are playing a game.,entailment,2,True,,"(football, game)","(football, game)","(football, game)",,True,True,,True,,,esnli_validation_1417,validation,entailment,Football is a game.,"Some men are men, and football is a game.",The only game that the men could be playing is football.,True,True
241346508.jpg#0r1e,snli,dev,"Three Oklahoma Sooners playing football against another team, one of the sooners with the ball in their possession.",College football players are playing a football game.,entailment,2,False,,"(sooner, player)",,"(football, football game); (oklahoma sooners, college football player)","(oklahoma sooner, college football player)",,False,False,,,False,esnli_validation_3425,validation,entailment,Players are playing a football game because there are two teams one of the teams has a ball in their possession.,"Three Oklahoma Sooners are college football players, and ball in their possession implies playing game.","Sooners are playing football against another team, thus football players are playing a football game.",True,True
2421824693.jpg#3r1e,snli,dev,A man is standing on a rooftop looking at his camera.,A man is on the roof with a camera.,entailment,3,True,,,"(rooftop, roof)","(rooftop, roof)","(rooftop, roof)",,,,False,False,True,esnli_validation_7835,validation,entailment,A man is standing on a rooftop is as same as A man is on the roof.,Standing on a rooftop implies that the man is on the roof.,standing on and is on are two ways to say the same thing. looking at his camera implies he is with a camera,True,True
2518094853.jpg#3r1e,snli,dev,A brown dog runs through a field.,A brown dog running outside.,entailment,2,False,,"(field, outside)",,NO_RELATION,"(field, outside)",,False,True,,,False,esnli_validation_3114,validation,entailment,Field implies outside.,"A field is outdoors. If a dog is running through a field, then the dog is running outside.","If the dog is running through a field, it must be running outside.",True,True
2521878609.jpg#4r1e,snli,train,kid eating pasta,The kid is human.,entailment,2,True,,NO_RELATION,NO_RELATION,NO_RELATION,,True,True,,True,,,esnli_train_116397,train,entailment,Here the human refers to kid is eating pasta.,,,True,True
2529017800.jpg#1r1e,snli,dev,"3 people, one man playing a guitar while sitting on the floor and two people playing a game on a sofa.",Several people are gathered inside.,entailment,2,False,"(three, several)",NO_RELATION,,"(3, several)","(3, several)",,False,False,,,True,esnli_validation_3033,validation,entailment,"3 people are several people, and sofa implies inside.",Sitting on the floor and being on a sofa implies being inside.,"Three people are several people, and sitting on the floor and a sofa imply being inside.",True,True
2533414541.jpg#3r1e,snli,dev,A white and blue car is on the street.,A vehicle is on the street.,entailment,2,True,,"(car, vehicle)","(car, vehicle)","(car, vehicle)",,True,True,,True,,,esnli_validation_2313,validation,entailment,A blue and white vehicle is on the street.,A car is a vehicle.,A white and blue car is a type of vehicle.,True,True
2543017787.jpg#4r1e,snli,train,A child rides a swing.,A kid is playing,entailment,2,True,,"(child, kid)","(child, kid)",,"(child, kid)",False,,False,,True,,esnli_train_183723,train,entailment,"Rides a swing is playing, and child is kid.",,,True,True
255091927.jpg#4r1e,snli,dev,People laying in massage chairs,People relaxing in charis.,entailment,3,False,,,NO_RELATION,"(chair, chari)","(chairs, charis)",,,,False,False,False,esnli_validation_7001,validation,entailment,Massage is usually a relaxation.,People laying in massage chairs are relaxing in these chairs.,Massage chairs are relaxing for people.,True,True
2565685680.jpg#0r1e,snli,train,An animal with black fur splashing about in relatively deep water.,The dark animal is playing in the water.,entailment,2,False,,"(black, dark); (splash, play)",,"(black, dark); (splash about, play)","(black, dark); (splash about, play)",,False,False,,,False,esnli_train_97922,train,entailment,Black fur makes the animal dark.,,,True,True
2573969957.jpg#1r1e,snli,dev,Two men in uniform hold up sign with young children.,Two men are holding up something with young kids.,entailment,2,False,,"(sign, something); (child, kid)","(child, kid)","(child, kid); (sign, something)",,False,False,,False,,,esnli_validation_7984,validation,entailment,The two men are in uniform and are holding up a sign with young children.,"A sign is a something, and kids are children.",Two men would be holding up something if they are holing a sign,True,True
2602415701.jpg#0r1e,snli,dev,Five young boys in swim trunks jump into a swimming pool at the same time.,Kids leaping into a swimming pool,entailment,2,False,,"(boy, kid); (jump, leap)","(jump, leap); (young boy, kid)","(jump, leap); (young boy, kid)",,False,False,,False,,,esnli_validation_6580,validation,entailment,Five young boys are kids and to jump into a swimming pool is the same as leaping into a swimming pool.,Five young would be considered kids.,"Five young boys could be referred to as kids, and if the kids jump into a pool they are leaping.",True,True
261626276.jpg#0r1e,snli,dev,A young man with blond dreadlocks sits on a wall reading a newspaper as a woman and a young girl pass by.,A young male is looking at a newspaper while 2 females walks past him.,entailment,2,False,,"(girl, female); (read, look); (woman, female); (man, male); (walk past, pass by)",,"(girl, female); (man, male); (read, look at); (walk past, pass by); (woman, female)","(girl, female); (man, male); (read, look at); (walk past, pass by); (woman, female)",,False,False,,,False,esnli_validation_3087,validation,entailment,Man is the same as male. We understand that it is the same man because hes reading a newspaper. Woman and a young girl are both female.,A woman and young girl are 2 females.,A young man with blond dreadlocks is a young male.,True,True
2618866067.jpg#4r1e,snli,train,A gray dog is yawning.,A dog is tired.,entailment,3,True,,,NO_RELATION,NO_RELATION,NO_RELATION,,,,True,True,True,esnli_train_239215,train,entailment,dog is yawning just means dog is tired,,,True,True
2647049174.jpg#4r1e,snli,train,A toddler eats dirt.,A baby is eating dirt.,entailment,2,True,,"(toddler, baby)","(toddler, baby)","(toddler, baby)",,False,True,,False,,,esnli_train_192488,train,entailment,eats is the same as eating,,,True,True
2665904080.jpg#1r1e,snli,dev,A young puppy suckles from his mother.,A young puppy lays at it's mothers stomach.,entailment,2,True,,NO_RELATION,NO_RELATION,,NO_RELATION,True,,True,,True,,esnli_validation_4316,validation,entailment,In order for the puppy to suckle the puppy needs to lay at its mothers stomach.,suckles same as lays at mothers stomach,The puppy suckles at it's mothers stomach.,True,True
2671880562.jpg#3r1e,snli,dev,A man in a staff shirt break-dancing.,A man is moving around.,entailment,2,False,,"(dance, move around)","(break-dancing, move around)","(break-dance, move around)",,False,False,,False,,,esnli_validation_7044,validation,entailment,The man is moving because he is break-dancing.,"""A man moving around"" is a rephrasing of ""a man break dancing"".",A man is in a shirt,True,True
2680990587.jpg#3r1e,snli,train,One boy is pushing another boy on a swing.,One human pushing another.,entailment,2,True,,"(boy, human)","(boy, human)",,"(boy, human)",True,,True,,True,,esnli_train_170201,train,entailment,A boy is a human.,,,True,True
2709648336.jpg#0r1e,snli,dev,A large brown and black dog jumps in the air holding a white Frisbee in its mouth.,An animal moving vertically and gripping a toy with its teeth.,entailment,2,False,,"(dog, animal); (hold, grip); (jump, move); (frisbee, toy)",,"(dog, animal); (frisbee, toy); (hold, grip); (jump, move vertically)","(dog, animal); (frisbee, toy); (hold, grip); (jump, move vertically)",,False,False,,,False,esnli_validation_3074,validation,entailment,A dog can only catch a Frisbee by moving vertically and gripping it with its teeth.,black dog jumps in the air is inferred as animal moving vertically. . white Frisbee in its mouth is inferred as gripping a toy with its teeth.,"A dog is an animal, jumping is moving vertically, and holding a Frisbee in its mouth is the same as gripping a toy with its teeth.",True,True
2714703706.jpg#0r1e,snli,dev,The brown dog has a hold of the other dogs cheek with its teeth.,The dog grabbed the other dog with his teeth.,entailment,2,False,,"(dogs cheek, dog); (hold, grab)",,NO_RELATION,"(hold, grab)",,False,False,,,False,esnli_validation_2737,validation,entailment,Has a hold of implies grabbed.,Grabbing is the habit of dog.,The brown dog is a dog and of it having hold of the other dogs means grabbed the other dog with teeth.,True,True
2723024306.jpg#3r1e,snli,dev,Man builds detailed sand castle on the beach.,An adult is working with sand.,entailment,3,False,,,"(man, adult)","(build, work); (man, adult)","(man, adult)",,,,False,True,False,esnli_validation_4619,validation,entailment,"A man is an adult, and a sand castle is made of sand.",A man who builds a sand castle is an adult working with sand.,"If a man builds a sand castle, logically the man is working with sand, as that's what you make sand castles out of.",True,True
2726887594.jpg#4r1e,snli,dev,A man in a blue polo raises his wineglass to toast.,A man holds a wineglass.,entailment,3,False,,"(raise, hold)",NO_RELATION,"(raise, hold)",NO_RELATION,False,True,False,False,True,False,esnli_validation_6326,validation,entailment,"If a man raises his wineglass, at first he holds it in his hand in order to raise it.",A man who wears blue polo holding wineglass.,"If he raises his wineglass, he holds a wineglass.",True,True
273699639.jpg#4r1e,snli,dev,A woman sitting with two men hugging.,A group of people are sitting together.,entailment,2,True,,NO_RELATION,NO_RELATION,NO_RELATION,,True,True,,True,,,esnli_validation_8607,validation,entailment,A woman and two men would comprise a group.,woman and men are sitting together,"A woman sitting with two men hugging means there is a group of people (woman, two men) sitting together.",True,True
2741990005.jpg#4r1e,snli,train,A man vaults over a high bar.,A man jumps.,entailment,2,True,,"(vault, jump)","(vault, jump)",,"(vault, jump)",True,,True,,True,,esnli_train_438281,train,entailment,vaults is interchangeable with jumps,,,True,True
2744856447.jpg#3r1e,snli,dev,An Asian young man is drinking out of a metal cup.,The young man is drinking a liquid.,entailment,2,True,,NO_RELATION,,NO_RELATION,NO_RELATION,,True,True,,,True,esnli_validation_6075,validation,entailment,"Drinking refers to the ingestion of a liquid, if a man is described as drinking then it is inferred he is drinking a liquid.",drinking out of a metal cup implies drinking a liquid.,"Asian young man is a type of young man, and drinking implies liquid.",True,True
2760560588.jpg#3r1e,snli,dev,A person in a blue plaid shirt is writing on a chalkboard.,The person is writing on the chalk board.,entailment,2,True,,"(chalkboard, chalk board)","(chalkboard, chalk board)",,"(chalkboard, chalk board)",False,,False,,True,,esnli_validation_409,validation,entailment,Both sentences say that the person is writing on the chalkboard,person in a blue plaid shirt is inferred as  person.,The chalkboard is for writing.,True,True
2802158972.jpg#1r1e,snli,train,"Eight men play instruments on stage, with a guitarist highlighted in lights.",people play music,entailment,2,False,"(instrument, music); (man, person)","(instrument, music); (men, people)",,NO_RELATION,"(instrument, music)",,False,False,,,False,esnli_train_112909,train,entailment,"When people play intruments, typically the sound created is considered music.",,,True,True
281271503.jpg#4r1e,snli,test,A man in a bright yellow shirt juggles while riding a unicycle.,Man performs a juggling act on a unicycle.,entailment,3,True,,,NO_RELATION,NO_RELATION,NO_RELATION,,,,False,False,True,esnli_test_3644,test,entailment,juggling act on a unicycle is another way to say juggles while riding a unicycle,performs a juggling act on a unicycle is a rephrasing of juggles while riding a unicycle.,The man performs a juggling act because he juggles.,True,True
2843629756.jpg#0r1e,snli,test,A man wearing shorts and a blue t-shirt is applying signage to the display window of an ice cream shop.,A man is putting a sign in the window.,entailment,2,False,,"(apply, put); (signage, sign)","(signage, sign)","(apply, put); (signage, sign)",,False,True,,False,,,esnli_test_5899,test,entailment,signage to implies sign in,Sign is a shortened term for signage.,A man putting a sign is applying signage.,True,True
2853682342.jpg#1r1e,snli,dev,"A man in a blue shirt, jumping down a hill in a park.",a man is wearing blue,entailment,2,True,,NO_RELATION,NO_RELATION,NO_RELATION,,True,True,,True,,,esnli_validation_354,validation,entailment,Being in something blue means the same as wearing something blue.,In a blue shirt is the same as wearing blue.,Wearing blue is another way of saying in a blue shirt.,True,True
2864340145.jpg#2r1e,snli,dev,A black dog walking through water.,The water has a black dog walking through it.,entailment,2,True,,NO_RELATION,NO_RELATION,,NO_RELATION,True,,True,,True,,esnli_validation_2772,validation,entailment,A black dog is walking through water.,The water has a black dog walking through it is a rephrasing of A black dog walking through water.,A dog is walking through water in each scene.,True,True
288406480.jpg#0r1e,snli,dev,A baby wearing yellow is pretending to be a doctor while inside a stroller.,A baby is role playing as a professional,entailment,3,True,,,"(pretend, role play); (doctor, professional)","(doctor, professional); (pretend, role play)","(doctor, professional); (pretend, role play)",,,,False,False,True,esnli_validation_4070,validation,entailment,Pretending to be a doctor is role playing as a professional.,Role-playing is pretending to be someone else.  A doctor is a professional role to play.,"Baby wearing yellow is a type of baby, and doctor is a professional.",True,True
2971285079.jpg#2r1e,snli,dev,A girl wearing makeup playing a bass.,A girl is musical.,entailment,2,True,,NO_RELATION,NO_RELATION,NO_RELATION,,True,True,,True,,,esnli_validation_2368,validation,entailment,The girl must be musical if she is playing a bass.,The girl is playing a bass and therefore is musical.,A girl playing a bass implies that the girl is musical.,True,True
303607405.jpg#4r3e,snli,train,a dog shakes dry.,A dog is wet.,entailment,2,True,,NO_RELATION,NO_RELATION,,NO_RELATION,True,,True,,True,,esnli_train_123674,train,entailment,A dog that shakes dry is wet.,,,True,True
3036894037.jpg#1r1e,snli,dev,Two commandos with gun by a staircase and an old man holding a hat is sitting on the stairs.,Two soldiers carry weapons.,entailment,2,True,,"(commando, soldier); (gun, weapon)","(commando, soldier); (gun, weapon)","(commando, soldier); (gun, weapon)",,True,True,,True,,,esnli_validation_1841,validation,entailment,Commandos are soldiers and if they are with gun then they carry weapons.,Commandos are a type of soldiers.  With gun means they carry weapons.,Commandos are a type of soldier and they carry weapons such as a gun.,True,True
3040999637.jpg#4r1e,snli,dev,A man uses stereo equipment.,A man is using some audio equipment.,entailment,3,True,,,"(stereo equipment, audio equipment)","(stereo equipment, audio equipment)","(stereo equipment, audio equipment)",,,,True,True,True,esnli_validation_6151,validation,entailment,Stereo equipment is a type of audio equipment.,Stereo and audio equipment are similar things used by the man.,The man is using stereo equipment.,True,True
3046190891.jpg#2r1e,snli,test,A surfer is performing a jumping stunt in the ocean.,A person in the water.,entailment,2,True,,"(ocean, water); (surfer, person)",,"(ocean, water); (surfer, person)","(ocean, water); (surfer, person)",,True,True,,,True,esnli_test_7609,test,entailment,the ocean is made of water.,A person is in the ocean.,A surfer is a person and the ocean is water.,True,True
3047788420.jpg#0r1e,snli,dev,A lady sitting on a bench that is against a building and under a poster of a man in a uniform waving.,A person sitting,entailment,2,True,,"(lady, person)","(lady, person)","(lady, person)",,True,True,,True,,,esnli_validation_104,validation,entailment,A lady is a person.,A lady is a person.,A lady is a person and the lady is sitting,True,True
3054989420.jpg#0r1e,snli,dev,Two children throw dead leaves into the air around them.,The children are outside.,entailment,2,True,,NO_RELATION,NO_RELATION,,NO_RELATION,True,,True,,True,,esnli_validation_4629,validation,entailment,Two children are the same as children and dead leaves are outside.,Throwing dead leaves implies that the children are outside.,dead leaves are commonly outside.,True,True
3064443326.jpg#2r1e,snli,dev,Riot police are standing in the background while a young man with a red scarf covering his face is walking.,there are police,entailment,2,True,,NO_RELATION,NO_RELATION,NO_RELATION,,True,True,,True,,,esnli_validation_2480,validation,entailment,Riot police is part of the police,"""There are police"" conveys the same message as ""police are standing.""",Riot police are a type of police.,True,True
3072611047.jpg#1r1e,snli,dev,Two children are diving side by side into a river.,Two humans are about to enter a river.,entailment,2,False,,"(child, human); (dive into, enter)",,"(child, human)","(child, human)",,False,False,,,True,esnli_validation_8568,validation,entailment,two children are two humans diving into a river is same as about to enter a river,Children are humans in a river.,Two Children are diving to enter a river.,True,True
3091403322.jpg#2r1e,snli,dev,A man wearing a white shirt is playing the drums.,A man is playing a musical instrument.,entailment,2,True,,"(drum, musical instrument)","(drum, musical instrument)",,"(drum, musical instrument)",True,,False,,False,,esnli_validation_284,validation,entailment,Drums are a form of musical instrument.,The drums are a musical instrument.,The drums are musical instruments. Both sentences state that a man is playing the instruments.,True,True
3091921457.jpg#2r1e,snli,dev,Several children are standing in a house looking out the window.,kids stare out the window,entailment,2,False,,"(child, kid); (look, stare)","(child, kid); (look, stare)","(child, kid); (look out, stare out)",,False,False,,False,,,esnli_validation_7018,validation,entailment,"Children are kids, and stare means look.",Something happen in out side window. So kids  are stare.,"Children are kids, they are looking hard out the window because they are staring",True,True
3101378069.jpg#4r1e,snli,dev,A lady rows a canoe filled with things.,A woman rows a small boat loaded with items.,entailment,3,True,,,"(canoe, small boat); (lady, woman); (filled, loaded); (thing, item)","(canoe, small boat); (filled, loaded); (lady, woman); (thing, item)","(canoe, small boat); (lady, woman); (thing, item); (filled, loaded)",,,,False,False,False,esnli_validation_3089,validation,entailment,The small boat is a canoe.,'A woman rows a small boat loaded with items' is a rephrasing of 'a lady rows a canoe filled with things' using different synonyms for the key words.,canoe is inferred as small boat.,True,True
3106022785.jpg#0r1e,snli,dev,"A woman dressed as Dorthy from the Wizard of Oz smiling at a baby, standing above her on a table, dressed as an elephant.",Somebody who is depicted is wearing a costume from a movie.,entailment,2,False,,"(dressed, depicted); (woman, somebody)",NO_RELATION,,"(woman, somebody)",False,,False,,False,,esnli_validation_1772,validation,entailment,"One who is dressed at Dorthy or dressed as an elephant is wearing a costume, and Wizard of Oz is a movie.","A woman is a somebody, one must be wearing something to be dressed, and Wizard of Oz is a movie.",The movie is called Wizard of Oz.,True,True
3115354165.jpg#4r1e,snli,dev,a skateboarder ollies.,Someone is on a board with four wheels.,entailment,3,True,,,"(skateboarder, someone)","(skateboarder, someone)","(skateboarder, someone)",,,,False,False,True,esnli_validation_4963,validation,entailment,A skateboarder ollies is a board with four wheels.,There is a skateboarder.,Skateboarder is someone and ollies implies board with four wheels.,True,True
312691128.jpg#1r1e,snli,dev,A man in hat and apron flipping over his pancake by tossing it in the air back to the pan.,The male is cooking food.,entailment,2,False,,"(flip, cook); (pancake, food); (man, male)","(man, male); (pancake, food)",,"(man, male); (pancake, food)",False,,False,,True,,esnli_validation_2084,validation,entailment,"Male is  cooking food is so interesting, they will do many tricks while cooking that is flipping, tossing, etc...",Flipping over his pancakes implies he is cooking food.,Pancakes are food.,True,True
3134092148.jpg#3r2e,snli,train,A man surfing a wave.,A man catches a wave.,entailment,3,True,,,NO_RELATION,NO_RELATION,NO_RELATION,,,,True,False,False,esnli_train_355728,train,entailment,surfing a wave is same as catching a wave,,,True,True
3168293517.jpg#2r1e,snli,dev,A little boy in a blue shirt holding a toy.,Boy dressed in blue holds a toy.,entailment,2,True,,NO_RELATION,NO_RELATION,,NO_RELATION,True,,True,,True,,esnli_validation_91,validation,entailment,Wearing a blue shirt is the same thing as being dressed in a blue shirt. In both sentences they are holding a toy.,Having a blue shirt means one is dressed in blue.,A boy in a blue shirt holds a toy.,True,True
3181701312.jpg#2r1e,snli,dev,A man takes a nap on the sidewalk in a busy city.,Someone is asleep on a sidewalk.,entailment,3,False,,,NO_RELATION,"(man, someone)","(man, someone)",,,,False,False,True,esnli_validation_3196,validation,entailment,Taking a nap on the sidewalk implies that someone is asleep on a sidewalk.,A man takes a nap means someone asleep on a sidewalk.,He is asleep on a sidewalk because he takes a nap on the sidewalk.,True,True
3182517887.jpg#1r1e,snli,dev,A man with a tattoo is wearing sunglasses while holding a small boy.,There is a man with body art who is holding a young person.,entailment,2,False,,"(boy, person); (small, young); (tattoo, body art)",,"(small boy, young person); (tattoo, body art)","(small boy, young person); (tattoo, body art)",,False,False,,,True,esnli_validation_7284,validation,entailment,Tattoo is body art.,"The has a tattoo which is a type of body art, and he is holding a small boy who is also a young person.","Tattoo is a form of body art, and small boy is a young person",True,True
320199844.jpg#0r1e,snli,dev,A man in a Santa Claus costume is sitting on a wooden chair holding a microphone and a stringed instrument.,The man is wearing a costume.,entailment,3,True,,,NO_RELATION,NO_RELATION,NO_RELATION,,,,True,True,True,esnli_validation_856,validation,entailment,A man in a Santa Claus costume must be wearing a costume.,A santa costume is a costume.,the man is wearing a costume in both sentences,True,True
3208032657.jpg#2r1e,snli,dev,A person powerwashing stairs leading down to a pool.,a person washes stairs,entailment,2,True,,"(powerwash, wash)","(powerwash, wash)","(powerwash, wash)",,True,True,,True,,,esnli_validation_116,validation,entailment,powerwashing stairs is the same as washes stairs,A PERSON IS POWERWASHING THE STAIRS,Powerwashing is a form of washing.,True,True
3228793611.jpg#4r1e,snli,train,Dog digs in sand,A dog is playing,entailment,2,False,,"(dig, play)",NO_RELATION,,NO_RELATION,False,,False,,True,,esnli_train_291125,train,entailment,To dig is a form of playing.,,,True,True
3232994074.jpg#4r1e,snli,dev,A man and child working on a puzzle.,An adult and a kid are engaged in an activity.,entailment,3,True,,,"(child, kid); (man, adult)","(child, kid); (man, adult)","(man, adult); (child, kid)",,,,False,False,False,esnli_validation_6813,validation,entailment,"A man is an adult, a child is a kid, and a puzzle is a type of activity.","man is inferred as adult,child is inferred as kid and puzzle is inferred as activity.",They are engaged in an activity because they are working on a puzzle.,True,True
3246724744.jpg#0r1e,snli,dev,A young woman wearing a black shirt and black shorts jumps in the air at the beach.,A women in black at the beach.,entailment,2,True,,NO_RELATION,NO_RELATION,,NO_RELATION,True,,True,,True,,esnli_validation_1611,validation,entailment,The woman wearing black is at the beach.,A young woman wearing a black shirt and black shorts is a women.,"If the woman is wearing black shirt and shorts, then the women is in black.",True,True
3256433677.jpg#2r1n,snli,dev,"A woman, in a green shirt, preparing to run on a treadmill.",A woman is getting a workout.,entailment,3,True,,,NO_RELATION,NO_RELATION,NO_RELATION,,,,True,True,True,esnli_validation_7677,validation,entailment,a run on a treadmill is a workout,Answer: The workout refers to run on a treadmill.,When you run on a treadmill you are getting a workout.,True,True
326456451.jpg#4r1e,snli,train,A rottweiler running.,An animal is running.,entailment,2,True,,"(rottweiler, animal)",,"(rottweiler, animal)","(rottweiler, animal)",,True,True,,,True,esnli_train_148094,train,entailment,a rottweiler is an animal.,,,True,True
3375549004.jpg#4r1e,snli,dev,Men walk in line carrying things.,"While carrying their load, the men walked one behind the other.",entailment,2,True,,NO_RELATION,NO_RELATION,,NO_RELATION,True,,False,,False,,esnli_validation_3105,validation,entailment,One must walk one behind the other to walk in a line.,If the men walk in line they would be one behind another.,The men are carry a load of things together.,True,True
3383037991.jpg#3r1e,snli,dev,A dog looks content sitting on a bed after ripping up some paper,a dog sitting on a bed after ripping up paper.,entailment,2,True,,NO_RELATION,NO_RELATION,NO_RELATION,,True,True,,True,,,esnli_validation_6158,validation,entailment,"""Looks content sitting on a bed"" is a more specific description of ""sitting on a bed.""",Dog ripping up paper implies dog looks content.,"""A dog looks content sitting on a bed after ripping up some paper"" is a slightly more detailed rephrase of ""a dog sitting on a bed after ripping up paper.""",True,True
342289865.jpg#1r1e,snli,dev,Man in brown and red checkered button up shirt and blue jeans makes a male and female laugh.,A person in casual clothing is causing two others to be merry.,entailment,2,False,"(jeans, casual clothing); (button up shirt, casual clothing); (man, person)","(laugh, merry); (man, person); (shirt, casual clothing); (jeans, casual clothing)","(laugh, be merry); (man, person); (shirt, casual clothing); (jeans, casual clothing)","(blue jeans, casual clothing); (checkered button up shirt, casual clothing); (man, person)",,False,False,,False,,,esnli_validation_954,validation,entailment,A man making a male and female laugh is the same as causing two others to be merry.,"Jeans would be casual clothing. A male and female is the same as "" two others.""","A man, who is a person, is wearing a brown and red checkered button up shirt and blue jeans, which are casual clothing. A male and a female, who are two others, laugh, which indicates that they are merry.",True,True
3424908564.jpg#1r1e,snli,dev,A woman with red-hair and wearing a black tank top and short jeans shorts appears to be yelling.,A woman with red-hair screams.,entailment,3,True,,,"(yell, scream)","(yell, scream)","(yell, scream)",,,,True,True,True,esnli_validation_4133,validation,entailment,Yelling is a synonym for screaming,Yelling is a synonym for screams.,The women is yelling and screaming,True,True
3426144752.jpg#0r1e,snli,dev,The blond-haired and blue eyed child holds the wooden airplane in his hands.,A child is playing with a toy airplane.,entailment,2,False,,NO_RELATION,,"(wooden airplane, toy airplane)",NO_RELATION,,False,True,,,False,esnli_validation_6997,validation,entailment,Blond-haired and blue eyed child is a type of child.,A child holding a toy implies they are playing with it and a wooden airplane implies the airplane is a toy.,The child is playing with the toy airplane because he holds the airplane.,True,True
3426724811.jpg#4r1e,snli,dev,Several men in protective suits are rolling a man on a gurnee.,A man is on a gurney,entailment,3,False,"(gurney, gurnee)",,NO_RELATION,"(gurnee, gurney)","(gurnee, gurney)",,,,False,False,True,esnli_validation_653,validation,entailment,A man on a gurney is part of the description of him being rolled on gurnee.,"There are men rolling a man on a gurney, so a man is on a gurney.",rolling a man on a gurnee means the man is on a gurney,True,True
3432730942.jpg#0r1e,snli,dev,Two people look at two red motorcycles in a place where there are religious murals on the wall.,The two people are looking at motorcycles.,entailment,2,True,,NO_RELATION,NO_RELATION,NO_RELATION,,True,True,,True,,,esnli_validation_2255,validation,entailment,Red motorcycles are a type of motorcycles.,"inference is, looking at motorcycles is the action done by two people.",Two people are looking at motorcycles regardless of what is on the wall.,True,True
3440104178.jpg#4r1e,snli,dev,A dog with big ears holds a ball in his mouth.,The dog has big ears.,entailment,2,True,,NO_RELATION,NO_RELATION,,NO_RELATION,True,,True,,True,,esnli_validation_1797,validation,entailment,Dog has big ears is a rephrasing of dog with big ears.,There is both a dog with big ears.,Dog with big ears is a rephrasing of dog has big ears.,True,True
3447155358.jpg#3r1e,snli,dev,A little girl in a red flowered dress with a tennis racket.,A little girl in red.,entailment,2,True,,NO_RELATION,NO_RELATION,,NO_RELATION,True,,True,,True,,esnli_validation_773,validation,entailment,A girl is with a tennis racket.,"The little girl is wearing a red dress, so she is the little girl in red.",In a red flowered dress implies in red.,True,True
3455964125.jpg#0r1e,snli,dev,"A young woman dressed as a princess is waving to others from inside a ride where the carriage is a large replica of the Disney character, Dumbo.","A female with clothes on is on a moving vehicle, waving her hands left to right in the air.",entailment,2,False,,"(ride, vehicle); (woman, female)","(carriage, vehicle); (woman, female)","(ride, moving vehicle); (woman, female)",,False,False,,False,,,esnli_validation_2161,validation,entailment,"The young woman is riding in a Disney, Dumbo carriage in a parade and is waving her hands.",A young woman is a female. A carriage is a moving vehicle.  A woman waving her hands left to right in the air is waving to others.,A young woman is working as a Princess character at Disney.,True,True
3471514734.jpg#1r1e,snli,dev,A small girl in a blue shirt with a posy pattern brushes her teeth with a red and yellow toothbrush.,The girl is cleaning her teeth with a colorful toothbrush,entailment,2,False,,"(brush, clean); (red, colorful); (yellow, colorful)",,"(brush, clean); (red and yellow, colorful)","(brush, clean)",,False,False,,,False,esnli_validation_7093,validation,entailment,"The girl is brushing her teeth so she is cleaning them, her toothbrush is red and yellow which makes it colorful.",Colorful words include red and yellow.,"""Cleaning her teeth"" is another way of saying ""brushes her teeth"" since people can only brush their teeth to really clean them. A red and yellow toothbrush is colorful.",True,True
347186933.jpg#2r1e,snli,dev,A woman dangles from a blue fabric connected to a tree.,A woman is hanging from a tree.,entailment,3,True,,,"(dangle, hang)","(dangle, hang)","(dangle, hang)",,,,True,True,True,esnli_validation_7224,validation,entailment,"""A woman dangles"" is a rephrase of ""A woman is hanging.""",A woman dangles from a blue fabric connected to a tree means hanging from a tree.,'Dangles' is a synonym for 'hanging' and the rest describes a woman hanging from a tree.,True,True
3479245321.jpg#4r1e,snli,train,Concentration campsite.,A concentration camp.,entailment,3,True,,,"(campsite, camp)","(campsite, camp)","(campsite, camp)",,,,True,True,True,esnli_train_432552,train,entailment,A campsite is a camp in general.,,,True,True
3486059684.jpg#1r1e,snli,dev,The restaurant employee is preparing sandwiches in the highly decorated kitchen.,A service worker is making food in a nice kitchen.,entailment,2,False,"(decorated kitchen, nice kitchen); (employee, worker); (prepare, make); (sandwich, food); (restaurant employee, service worker)","(decorated, nice); (employee, worker); (prepare, make); (sandwich, food)","(restaurant employee, service worker); (prepare, make); (sandwich, food)",,"(restaurant employee, service worker); (sandwich, food); (prepare, make)",False,,False,,False,,esnli_validation_3189,validation,entailment,I restaurant employee is a type of service worker.,"Restaurant employee is a type of service worker, and preparing sandwiches is making food.",Service worker is to employee as making food is to preparing sandwiches.,True,True
3500136982.jpg#1r1e,snli,dev,A line of rollerbladers crouch down aerodynamically,A group of rollerbladers are crouching.,entailment,3,False,,,"(line, group)",NO_RELATION,NO_RELATION,,,,False,False,True,esnli_validation_3923,validation,entailment,A group is synonymous with a line.,A line of rollerbladers is a group.  People who crouch down is crouching.,"Line of rollerbladers is a group of rollerbladers, and are crouching is a rephrasing of crouch down aerodynamically.",True,True
3515378674.jpg#2r1e,snli,dev,An older man indulging in a bottle of amber liquid.,An old man is drinking some amber liquid from a bottle.,entailment,2,False,,"(indulge, drink)",,"(indulge in, drink); (older, old)",NO_RELATION,,False,False,,,False,esnli_validation_3865,validation,entailment,Drinking a liquid is the same as indulging in it.,the man is indulging in a liquid the only way to indulge with a liquid is drinking it,"If the bottle has amber liquid, the amber liquid is from the bottle.",True,True
3518365400.jpg#3r1e,snli,dev,A young girl throws sand toward the ocean.,The girl is tossing sand into the ocean,entailment,3,False,,,"(throw, toss)","(throw, toss)","(throw, toss); (toward, into)",,,,True,False,False,esnli_validation_8785,validation,entailment,Tossing is a synonym of throws.,throws sand and tossing sand are rephrasing the girl's action,"""The girl is tossing sand into the ocean"" precises that the girl throwing the sand is the same tossing the sand",True,True
3523115345.jpg#4r1e,snli,dev,A female researcher videotaping a specimen.,A female is recording her research. `,entailment,2,False,,"(specimen, research); (videotape, record)","(videotape, record)","(videotape, record)",,False,False,,True,,,esnli_validation_7383,validation,entailment,Videotaping is recording.,Videotaping is a form of recording.,"Female researcher is a female, and videotaping is a form of recording.",True,True
3552435734.jpg#2r1e,snli,dev,The black dog is running through water.,The dog with the black fur gets wet running in water.,entailment,2,True,,NO_RELATION,NO_RELATION,NO_RELATION,,True,True,,True,,,esnli_validation_7536,validation,entailment,The dog gets wet running through water.,Answer: Black fur tells that the dog is black and wet indicates water,The dogs black fur gets wet running through water.,True,True
3562169000.jpg#0r1e,snli,dev,A blue race car slides off the racetrack and hits white median bumpers with its rear.,The automobile lost control and hit something.,entailment,2,False,,"(car, automobile); (slide, lose)","(bumper, something); (car, automobile)",,"(bumper, something); (race car, automobile)",False,,False,,False,,esnli_validation_3478,validation,entailment,If a race car slides off the racetrack then it probably means the automoblie has lost control.,Car is an automobile and something refers to bumpers,"Blue race car is a type of automobile, and slides off the racetrack implies lost control.",True,True
3584860179.jpg#1r1e,snli,dev,An old man is sitting in a chair outside a colorfully painted building.,Elderly man is sitting on a chair in outside of a building,entailment,2,True,,"(old, elderly)",,"(old, elderly)","(old, elderly)",,True,True,,,True,esnli_validation_6851,validation,entailment,Old is the same meaning as Elderly.,An old man is also an elderly man.,The old man sitting in a chair outside is the Elderly man sitting outside of a building.,True,True
359800617.jpg#0r1e,snli,dev,A woman is holding a baby while standing in the middle of a room.,A woman holds a young child indoors.,entailment,2,False,,"(baby, young child); (room, indoors)",,"(baby, young child)","(baby, young child); (room, indoors)",,False,True,,,False,esnli_validation_6336,validation,entailment,middle of a room   is the same as indoors.,"A baby is a type of young child, and being in the middle of a room would imply being indoors.",Middle of a room is indoors.,True,True
3612249030.jpg#1r1e,snli,dev,A boy is carrying a black body board across the sand.,The boy is holding an item.,entailment,2,True,,"(body board, item); (carry, hold)",,"(body board, item); (carry, hold)","(body board, item); (carry, hold)",,True,True,,,True,esnli_validation_7035,validation,entailment,The item that the boy is holding is a black body board.,"Carrying is a synonym for holding, and body board is a type of item.","The boy has a body board in his hands,",True,True
3613264553.jpg#4r1e,snli,dev,A white dog is walking on a rocky hillside.,A dog walks outside.,entailment,2,False,,"(hillside, outside)",NO_RELATION,,"(hillside, outside)",False,,True,,False,,esnli_validation_3083,validation,entailment,The dog on a rocky hillside is outside.,"White dog is a type of dog, and rocky hillside implies outside.","If the dog is on a hillside, he is also outside.",True,True
3614595423.jpg#4r1e,snli,train,Children climb a tree.,Kids climbing.,entailment,2,True,,"(child, kid)","(child, kid)","(child, kid)",,False,True,,False,,,esnli_train_438853,train,entailment,Children are kids.,,,True,True
3618525295.jpg#2r1e,snli,dev,a woman and her dog sitting at an outdoor cafe table,A woman and her pet sit outside at a restaurant.,entailment,2,True,,"(cafe, restaurant); (dog, pet); (outdoor, outside)",,"(cafe, restaurant); (dog, pet); (outdoor, outside)","(cafe, restaurant); (dog, pet); (outdoor, outside)",,False,True,,,False,esnli_validation_6391,validation,entailment,Woman and her dog is a woman and her pet.,"A dog is a type of pet, and a cafe is a type of restaurant.",outdoor cafe table is inferred as  outside at a restaurant.,True,True
3629664676.jpg#4r1e,snli,train,A dog pulling a rope.,The dog drags the rope.,entailment,2,True,,"(pull, drag)","(pull, drag)",,"(pull, drag)",True,,True,,True,,esnli_train_34687,train,entailment,Drags is another word for pulling.,,,True,True
3639617775.jpg#0r1e,snli,dev,"The bride in the white dress is surrounded by the groomsmen and bridesmaids, all in black.",a woman in white is surrounded by others,entailment,3,True,,,"(bride, woman)","(bride, woman)","(bride, woman)",,,,True,True,True,esnli_validation_3007,validation,entailment,"In order for a bride to be surrounded by the groomsmen and bridesmaids, the woman must be surrounded by others.","The bride in the white dress, who is also a woman in white, being surrounded by the groomsmen and bridesmaids implies she is at a wedding.","Bride is a woman, and groomsmen and bridesmaids are others.",True,True
3639967449.jpg#3r1e,snli,dev,Two boys sitting and eating ice cream.,The boys are eating.,entailment,2,True,,NO_RELATION,,NO_RELATION,NO_RELATION,,True,True,,,True,esnli_validation_1965,validation,entailment,two boys denotes the boys and eating ice cream denotes eating,Eating ice cream can be generalized as eating.,two boys are sitting eating ice cream.,True,True
36422830.jpg#0r1e,snli,dev,A red jeep hangs from the edge of a rocky cliff as a girl looks on.,The vehicle is red.,entailment,2,True,,"(jeep, vehicle)",,"(jeep, vehicle)","(jeep, vehicle)",,True,True,,,True,esnli_validation_3192,validation,entailment,The girl looks on the hanging jeep from the edge of a rocky cliff,A red jeep would mean the vehicle is red.,The vehicle refers to red jeep.,True,True
3696246123.jpg#3r1e,snli,dev,Two dogs play with tennis ball in field.,The dogs are romping across the field.,entailment,3,False,,,NO_RELATION,NO_RELATION,"(play, romp)",,,,True,False,False,esnli_validation_3368,validation,entailment,The dogs that play with tennis ball in field are romping across the field.,Playing in the field is the same as romping in the field.,Romping is a kind of play.,True,True
3707585013.jpg#4r1e,snli,dev,A singer is performing before a small crowd outside.,A performer has a small audience outdoors.,entailment,2,False,,"(outside, outdoors); (singer, performer)",,"(outside, outdoors); (singer, performer)","(crowd, audience); (outside, outdoors); (singer, performer)",,True,False,,,False,esnli_validation_6055,validation,entailment,A singer is a type of performer.,"A singer is a performer, and small audience implies small crowd.",The audience is a small crowd.,True,True
3726076549.jpg#4r1e,snli,dev,Man sliding down stair handrails on a bike.,A biker glides down handrails.,entailment,2,False,,"(slide, glide)","(slide down, glide down)",,"(slide, glide)",False,,False,,False,,esnli_validation_3198,validation,entailment,A man on a bike is a biker.,"Biker is man, and sliding is a synonym of glides.",The man sliding down the handrails on a bike is simplified to a biker.,True,True
3732782360.jpg#4r1e,snli,dev,A man in a suit and tie is opening a door.,There is one man in this picture.,entailment,2,True,,NO_RELATION,,NO_RELATION,NO_RELATION,,True,True,,,True,esnli_validation_4707,validation,entailment,Man in a suit and tie is one man.,A man in a suit and tie are in this picture.,Sentence 2 clarifies that there is only one man involved in this picture.,True,True
3746285587.jpg#2r1e,snli,test,A woman in a brown shirt is kneeling in the street.,A woman is on the ground outside.,entailment,3,False,,,NO_RELATION,NO_RELATION,"(street, outside)",,,,True,False,False,esnli_test_479,test,entailment,A street is connected to the ground.,To kneel implies being on the ground. Being in the street requires being outside.,A woman is kneeling implies she is touching the ground and in the street is the equivalent of outside.,True,True
3760793412.jpg#1r1e,snli,test,"A young boy sits on the shoulders of a woman, who is carrying a young girl.",A woman is with a couple of children,entailment,2,False,,"(young boy, child); (young girl, child)","(boy, child); (girl, child)","(boy, child); (girl, child)",,False,False,,True,,,esnli_test_9001,test,entailment,Young boy and young girl are a couple of children.,A young boy and a young girl form a couple of children.,A boy and a girl which means a couple of children are being carried by the women,True,True
3760799822.jpg#2r1e,snli,dev,"Two women behind a net check their cellphones, while two men sitting on a curb chat to each other.",The two women are checking their celluar devices.,entailment,2,False,,"(cellphone, device)","(cellphone, celluar device)",,"(cellphone, cellular device)",False,,False,,False,,esnli_validation_4051,validation,entailment,Check their cellphones is a form of checking their celluar devices.,Two women are checking out technology.,Two women behind a net check their cellphones means two women checking their cellular devices.,True,True
3791591952.jpg#3r1e,snli,dev,Two entertainers on a stage performing acrobatic moves.,Two entertainers are performing acrobatics.,entailment,2,True,,"(acrobatic move, acrobatics)","(acrobatic move, acrobatics)",,"(acrobatic move, acrobatics)",False,,False,,False,,esnli_validation_3755,validation,entailment,Two entertainers are preforming acrobatic moves while on a stage.,To be performing implies being on a stage.,performing acrobatic moves can be inferred as performing acrobatics.,True,True
3794595430.jpg#3r1e,snli,dev,A woman stands at a podium with a slide show behind her.,A woman is standing at a podium.,entailment,2,True,,NO_RELATION,NO_RELATION,,NO_RELATION,True,,True,,True,,esnli_validation_994,validation,entailment,A slide show is behind a woman at a podium.,A woman who stands means that she is standing.,The woman stands at the podium.,True,True
3799984714.jpg#0r1e,snli,dev,A man playing a banjo near a tree at an outdoor event.,The man is playing a musical instrument at an event.,entailment,2,True,,"(banjo, musical instrument)","(banjo, musical instrument)",,"(banjo, musical instrument)",True,,True,,True,,esnli_validation_3851,validation,entailment,A banjo is a musical instrument.  The event is outdoor.,"Banjo is a musical instrument, and outdoor event is a type of event.",A banjo is a musical instrument.,True,True
381275595.jpg#1r1e,snli,dev,Big hairy dog chews on a bone while lying on a furry toy.,The dog is laying on an object,entailment,2,True,,"(toy, object)",,"(toy, object)","(toy, object)",,True,True,,,True,esnli_validation_6100,validation,entailment,A furry toy is an object.,The object the dog is lying on is a furry toy.,The big hairy dog is laying on a furry toy object.,True,True
3816820298.jpg#0r1e,snli,train,A man on horseback in a rodeo arena is trying to lasso a black calf.,A man is on a horse doing rodeo events.,entailment,2,False,,"(horseback, horse)",NO_RELATION,,NO_RELATION,False,,False,,True,,esnli_train_228814,train,entailment,in rodeo evnet also the man sit on hourse back,,,True,True
381750411.jpg#0r1e,snli,dev,Man dressed in business casual attire playing the saxophone with the rest of a band.,Man plays a woodwind instrument.,entailment,3,True,,,"(saxophone, woodwind instrument)","(saxophone, woodwind instrument)","(saxophone, woodwind instrument)",,,,True,True,True,esnli_validation_6474,validation,entailment,A saxophone is a woodwind instrument.,The saxophone is a woodwind instrument.,"Man dressed in business casual attire is a type of man, and saxophone is a woodwind instrument.",True,True
3825750029.jpg#1r1e,snli,dev,A woman in a blue tank-top rides a blue bicycle in front of a crowd of meandering pedestrians.,A woman rides a bike in front of a crowd,entailment,2,True,,"(bicycle, bike)","(bicycle, bike)",,"(bicycle, bike)",False,,True,,False,,esnli_validation_1466,validation,entailment,"'Rides a bike in front of a crowd' is a rephrasing of 'rides a blue bicycle in front of a crowd of meandering pedestrians,' showing that the woman is doing the same activity.","If the woman rides a bike in front of a crowd of meandering pedestrians, it follows that she rode in front of a crowd.",A bike is a bicycle.,True,True
3827183336.jpg#2r1e,snli,dev,A Latin American weaving fabric.,The person is making fabic,entailment,3,False,,,"(latin american, person); (weave, make)","(fabric, fabic); (latin american, person); (weave, make)","(latin american, person); (weave, make)",,,,False,False,False,esnli_validation_6561,validation,entailment,A Latin American is a person.,A Latin American is making fabric.,"Latin American is a type of person, and weaving is making fabic.",True,True
3843254402.jpg#0r1e,snli,test,A man in a white striped shirt and blue jeans using a water hose to spray water on the ground of concrete ruins.Fo.,A man is spraying water on concrete.,entailment,2,True,,NO_RELATION,,NO_RELATION,NO_RELATION,,True,True,,,True,esnli_test_1636,test,entailment,We use a water hose to spray water when spraying water.,"man in a white striped shirt and blue jeans is a type of man, and spraying water implies using a water hose.","A person who uses a hose to spray water, is spraying water.",True,True
3860415767.jpg#2r1e,snli,dev,This is man standing by a fruit or vegetable cart peeling a piece of fruit.,A man peels fruit.,entailment,2,True,,NO_RELATION,,NO_RELATION,NO_RELATION,,True,True,,,True,esnli_validation_6269,validation,entailment,A man peel fruit standing by a fruit and vegetable cart.,"""peeling a piece of fruit."" is a present tense action that can be shortened to ""peels fruit""",The man peels a piece of fruit.,True,True
3913959754.jpg#1r1e,snli,dev,"A woman is standing near the water, looks to be throwing something.",A woman is close to the water.,entailment,3,True,,,"(near, close)","(near, close)","(near, close)",,,,True,True,True,esnli_validation_725,validation,entailment,Near is a synonym for close.,"The phrase close to, is a synonym of 'standing near'.",She is close to water because she is standing near the water.,True,True
3937269663.jpg#3r1e,snli,dev,A man in a yellow excavator on a construction site.,the guy is on the excavator,entailment,2,True,,"(man, guy)","(man, guy)","(man, guy)",,False,True,,False,,,esnli_validation_2067,validation,entailment,"Man is guy, and yellow excavator is a type of excavator.",A man is a guy and can be on an excavator on a construction site.,A man is on a excavator and a excavator is used on construction sites.,True,True
3947729724.jpg#4r1e,snli,dev,Woman reaching for food at the supermarket.,Woman is doing groceries at the store.,entailment,2,False,,"(food, grocery); (supermarket, store)",,"(supermarket, store)","(supermarket, store)",,False,False,,,True,esnli_validation_4351,validation,entailment,Groceries at a store implies it is a supermarket.,doing groceries is reaching for food,Reaching for food at a supermarket implies doing groceries.,True,True
3983185073.jpg#4r1e,snli,dev,A woman observes a rusted antique car.,A woman looks at an old car.,entailment,2,False,"(antique car, old car); (observe, look at)","(antique, old); (observe, look)","(antique car, old car); (observe, look)","(antique, old); (observe, look at)",,False,False,,False,,,esnli_validation_6479,validation,entailment,Observes antique car implies looks at an old car.,A woman looks at an rusted antique car to gather old things for her exhibition.,A woman looks at an old rusted antique car.,True,True
4000008650.jpg#2r1e,snli,train,A woman plays the tuba and another plays the cello on the street.,People playing instruments on the street.,entailment,3,True,,,"(cello, instrument); (tuba, instrument)","(cello, instrument); (tuba, instrument)","(cello, instrument); (tuba, instrument)",,,,False,False,True,esnli_train_542953,train,entailment,A woman and another woman are people. The tuba and cello are instruments.,,,True,True
4019072184.jpg#4r1e,snli,dev,A man is rock climbing with protective rope.,A man is being secured.,entailment,2,True,,NO_RELATION,,NO_RELATION,NO_RELATION,,True,True,,,True,esnli_validation_3293,validation,entailment,While rock climbing you need to be secured with a protective rope in case of falls.,A man with protective rope is being secured.,a man climbing a rock with secured rope,True,True
41253213.jpg#1r1e,snli,dev,People sit around tables watching intently under a cloth covering.,People sit around tables under canopies.,entailment,2,False,,"(cloth, canopy)",,"(canopy, cloth covering)","(cloth covering, canopy)",,False,False,,,False,esnli_validation_3608,validation,entailment,The cloth covering over a table is called a canopy.,Cloth covering is another way of saying canopy,A cloth covering could be considered a canopy.,True,True
418207489.jpg#3r1n,snli,dev,A man and a woman are shopping at a large hardware warehouse store.,A man and woman are in a hardware store.,entailment,2,False,,NO_RELATION,NO_RELATION,"(hardware warehouse store, hardware store)",,True,False,,False,,,esnli_validation_4834,validation,entailment,Hardware warehouse store is a form of hardware store.,"If you are in a store, then you must be shopping, also, a warehouse in no different from a store.",Peoples are shopping at a hardware warehouse store.,True,True
4183662919.jpg#3r1e,snli,test,A child plays with her father's boots.,A child is playing.,entailment,2,True,,NO_RELATION,NO_RELATION,,NO_RELATION,True,,True,,True,,esnli_test_949,test,entailment,Both child are playing something.,Plays with is a rephrasing of is playing.,"If the child is playing with her father's boots, it could be stated as ""A child is playing"".",True,True
4241997277.jpg#3r1e,snli,dev,A well dressed man and woman wearing floral dress dancing.,the man is well dressed.,entailment,2,True,,NO_RELATION,NO_RELATION,,NO_RELATION,True,,True,,True,,esnli_validation_1934,validation,entailment,Since the man is well dressed then he is a well dressed man,"The man is described as well dressed in the first sentence, so we can conclude that the man is well dressed.",A man is a man.,True,True
4291704682.jpg#3r1e,snli,train,There are two people sweeping a sidewalk in this picture.,There are a couple of people cleaning the path.,entailment,2,True,,"(sidewalk, path); (sweep, clean); (two, couple)",,"(sidewalk, path); (sweep, clean); (two, couple)","(sidewalk, path); (sweep, clean); (two, couple)",,True,True,,,True,esnli_train_484044,train,entailment,A couple is made of two people.,,,True,True
4294390957.jpg#3r1e,snli,train,A man talks behind a podium.,A man is speaking.,entailment,3,True,,,"(talk, speak)","(talk, speak)","(talk, speak)",,,,True,True,True,esnli_train_91187,train,entailment,speaking is rephrasing talk,,,True,True
4309584424.jpg#4r1e,snli,dev,Three young men are cleaning up a classroom.,Three young men clean up their class.,entailment,2,False,,"(classroom, class)",NO_RELATION,,"(classroom, class)",False,,True,,False,,esnli_validation_3889,validation,entailment,Class and classroom are synonyms.,"""Cleaning up a classroom"" is a rephrase of ""clean up their class.""","Present continuous "" cleaning up ""  to present simple "" clean up "".",True,True
4355004642.jpg#0r1e,snli,train,"A chef and his newest creation in process, being made in an old fashioned oven.",A chef creates.,entailment,2,True,,NO_RELATION,NO_RELATION,NO_RELATION,,True,True,,True,,,esnli_train_533602,train,entailment,The  fact that the chef creates  is mentioned in both contexts.,,,True,True
436393371.jpg#3r1e,snli,train,A dog is biting a twig.,A dog is chewing.,entailment,2,False,,"(bite, chew)",NO_RELATION,,"(bite, chew)",False,,True,,False,,esnli_train_141272,train,entailment,Biting is a part of chewing.,,,True,True
4379561906.jpg#4r1e,snli,dev,A group of people are standing inside an office,Some people are seen inside a room.,entailment,2,False,,"(office, room)",,"(group, some); (office, room)","(office, room)",,False,False,,,False,esnli_validation_4945,validation,entailment,"People are inside an office, and they are standing.",SEEN INSIDE IMPLIES PEOPLE ARE STANDING INSIDE.,People are seen as they were standing inside the office which is usually a room.,True,True
4408862587.jpg#0r1e,snli,train,"A woman wearing a black jacket walking down the street with a young girl wearing a backpack, getting ready to pass a group of people standing on the street.",A women and child walking down the street,entailment,3,False,,,"(girl, child)","(young girl, child)","(young girl, child)",,,,False,False,True,esnli_train_253221,train,entailment,woman walking with young girl can also be said as a woman and a child are walking,,,True,True
4440438333.jpg#1r1e,snli,dev,The pitcher wearing black heaves the ball toward the catcher.,People are playing a game.,entailment,2,True,,NO_RELATION,NO_RELATION,,NO_RELATION,True,,True,,True,,esnli_validation_3023,validation,entailment,"Pitcher and catcher are people, and heaves the ball is a form of playing a game.","A pitcher and catcher are names of positions in the game of baseball, so people are playing a game.",Pitcher and catcher are people and baseball is a game.,True,True
4474429098.jpg#2r1e,snli,dev,A girl is using an apple laptop with her headphones in her ears.,with headphones on the girl used a computer,entailment,3,False,,,"(apple laptop, computer)","(laptop, computer)","(laptop, computer)",,,,False,False,True,esnli_validation_648,validation,entailment,An apple laptop is a computer.,computer is a more general rephrasing of apple laptop.,Apple laptop specifies the kind of computer.,True,True
4486280757.jpg#0r1e,snli,dev,A man in a black wetsuit with white shorts is windsurfing on a blue body of water with mountains in the background.,The man is near the water.,entailment,2,True,,NO_RELATION,NO_RELATION,NO_RELATION,,True,True,,True,,,esnli_validation_6893,validation,entailment,If a man is on a body of water then he is near the water.,"A man in a black wetsuit is a type of man, and on a blue body of water implies near the water.",Windsurfing would require you to be near water.,True,True
4501954896.jpg#2r1e,snli,test,Man jumping up in the air and splitting his legs with his mouth open.,A man is jumping.,entailment,2,True,,NO_RELATION,NO_RELATION,NO_RELATION,,True,True,,True,,,esnli_test_2675,test,entailment,The man is doing exercise as jumping and splitting his legs and his mouth open to breathout!,"The man is jumping, regardless of how detailed the description is.",One can only jump up in the air.,True,True
4513402918.jpg#4r1e,snli,dev,A live band on a lawn jamming out.,People are playing music.,entailment,2,False,,"(band, people); (jam, play)","(jam, play)",,"(jam, play)",False,,False,,False,,esnli_validation_3681,validation,entailment,"""A live band jamming"" is synonymous with ""people playing music.""","Live band implies people, and jamming out is a rephrasing of playing music.",A live band on a lawn jamming out means people playing music.,True,True
4524361920.jpg#0r1e,snli,test,A woman in a black leather shirt trench-coat and black leather calf-high boots and carrying a colorful bag with a shoulder strap faces away from the camera with a yellow post visible just in front of her.,"A lady in black leather trench coat, with matching black leather boots walks away from the camera in her front with her bag strapped to her shoulders",entailment,2,True,,"(woman, lady)","(woman, lady)",,"(woman, lady)",False,,True,,False,,esnli_test_6819,test,entailment,Woman is lady.,Faces away is the same as walks away.,The woman is walking away from the camera because she is facing away as her post is in front of her.,True,True
4546261932.jpg#3r1e,snli,dev,Reflections of people walking in a big city.,Several folks stroll through the city.,entailment,2,False,"(people, folks); (walk, stroll)",NO_RELATION,NO_RELATION,,"(people, folk); (walk, stroll)",True,,False,,False,,esnli_validation_1656,validation,entailment,Reflections of people imply the actual presence of people; folks are people; strolling is a type of walking; 'through the city' does not contradict being 'in a big city'.,People are walking in the city.,"People are several folks, and stroll is a type of walking.",True,True
4569102627.jpg#2r1e,snli,test,Little girl with very curly hair drinking her cup of juice.,A girl is ingesting liquid.,entailment,2,True,,"(drink, ingest); (juice, liquid)",,"(drink, ingest); (juice, liquid)","(drink, ingest); (juice, liquid)",,True,True,,,True,esnli_test_3625,test,entailment,Ingesting is an act of drinking.  A cup of juice is a type of liquid.,"Little girl with very curly hair is a type of girl, and drinking juice is ingesting liquid.",Drinking is synonymous with ingesting. Juice is a type of liquid.,True,True
4570069538.jpg#4r1e,snli,dev,A large crowd gathered in front of McDonald's.,A group of people assembled in front of a fast food restaurant.,entailment,2,False,,"(crowd, people); (gather, assemble); (mcdonald's, fast food restaurant)","(crowd, group); (gather, assemble); (mcdonald's, fast food restaurant)","(crowd, group); (gather, assemble); (mcdonald's, fast food restaurant)",,False,False,,True,,,esnli_validation_7706,validation,entailment,"""Group"" is rephrasing of ""large crowd"" and McDonald's is a fast food restaurant",MCDONALDS IS A FAST FOOD RESTAURANT,The fast food restaurant is McDonald's.,True,True
4579716766.jpg#4r1e,snli,dev,Weekend barbecue with some fish.,Weekend barbecue with some fish,entailment,2,True,,NO_RELATION,NO_RELATION,,NO_RELATION,True,,True,,True,,esnli_validation_2850,validation,entailment,Both sentences say Weekend barbecue with some fish.,The descriptions of  a Weekend barbeque and fish are identical.,Weekend barbecue with some fish is the same as weekend barbecue with some fish.,True,True
4586078680.jpg#1r1e,snli,dev,"A woman sitting outside weaving a long piece of red, white, and blue cloth.",She is working with cloth,entailment,2,False,,"(weave, work); (woman, she)","(weave, work); (woman, she)",,"(woman, she)",False,,False,,False,,esnli_validation_114,validation,entailment,She is the pronoun use for a woman subject.  A woman weaving a cloth is working with a cloth.,A WOMAN IS SITTING OUTSIDE AND WEAVING WITH CLOTH,WEAVING IS A FORM OF WORKING,True,True
4603247500.jpg#0r1e,snli,dev,A man in a white shirt is standing in a T-shirt booth.,A man standing in a booth.,entailment,2,True,,NO_RELATION,,NO_RELATION,NO_RELATION,,True,True,,,True,esnli_validation_6096,validation,entailment,A T-shirt booth is a booth.,Since the man in a white shirt is in a booth he must be a man standing in the booth.,""" A man standing in a booth"" is a less descriptive rephrasing of ""A man in a white shirt is standing in a T-shirt booth.",True,True
461139075.jpg#2r1e,snli,dev,A lady is standing up holing a lamp that is turned on.,A lady is holding a lit lamp.,entailment,2,True,,"(turned on, lit)",,"(turned on, lit)","(turned on, lit)",,True,False,,,False,esnli_validation_6509,validation,entailment,"A lamp being lit means that it is turned on and has electric running through it,.",A lamp that is on is the same as a lit lamp.,A lady holding a lamp that is turned on means holding a lit lamp.,True,True
4625392581.jpg#1r1e,snli,train,A boy with an orange shirt and blue jeans gets a ride on a man's shoulders.,A person is riding on another person's shoulders.,entailment,3,True,,,"(boy, person); (man, person)","(boy, person); (man, person)","(boy, person); (man, person)",,,,True,True,True,esnli_train_457889,train,entailment,A boy is riding on a man's shoulders,,,True,True
4636978915.jpg#0r1e,snli,dev,A standing man in a suit finishes his turn in a chess game as his seated opponent begins his in a crowded park.,A male with clothes on is in front of another male in a crowded park.,entailment,2,False,,"(man, male); (opponent, another male); (suit, clothes)","(man, male); (suit, clothes)","(man, male); (suit, clothes)",,False,False,,False,,,esnli_validation_6003,validation,entailment,"Man is a synonym of male, in a suit is a subset of clothes, seated opponent implies another male.",A standing man finishes chess game in crowded park as the opponent sits.,Wearing a suit by definition means having clothes on.,True,True
463848726.jpg#3r1e,snli,dev,A man is scrapping paint off a window.,A man is removing paint.,entailment,2,True,,"(scrap off, remove)",,"(scrap off, remove)","(scrap off, remove)",,False,True,,,False,esnli_validation_7480,validation,entailment,Scrapping paint off of a window is one way of removing paint.,A man is removing paint is the same as man scrapping paint off.,scraping is a form of removing.,True,True
463970752.jpg#1r1e,snli,dev,Ample dark-skinned man looks back at camera from behind buffet.,A man looks from behind a buffet.,entailment,2,True,,NO_RELATION,NO_RELATION,NO_RELATION,,True,True,,True,,,esnli_validation_2057,validation,entailment,"""Man looks from behind"" is a rephrasing of ""man looks back at camera from behind.""","Ample dark-skinned man is a type of man, and looks back is a paraphrase of looks from behind.",There is a man standing behind a buffet,True,True
4640148862.jpg#2r1e,snli,dev,A woman carrying a shopping bag in front of Fisher's Popcorn.,a woman is shopping by fisher's popcorn,entailment,2,True,,NO_RELATION,NO_RELATION,NO_RELATION,,True,True,,True,,,esnli_validation_1922,validation,entailment,"Carrying a shopping bag, especially around businesses, implies actively shopping; being by a location does not contradict being in front of it.",Carrying a shopping bag implies shopping.,A woman carrying a shopping bag in front of Fisher's Popcorn so she is shopping by fisher's popcorn.,True,True
4648416380.jpg#0r1e,snli,dev,"Many people are listening to a concert, and TV crew is recording the audience reaction.",People are listening to a concert.,entailment,2,True,,NO_RELATION,NO_RELATION,NO_RELATION,,True,True,,True,,,esnli_validation_1862,validation,entailment,People are listening to a concert that is being recorded.,"Many people are people, and concert implies audience.",TV crew is recording the audience reaction without knowing them while listening to a concert.,True,True
4662948361.jpg#2r1e,snli,dev,An orange car is driving across a steel bridge in a city.,A car is driving across a bridge.,entailment,3,True,,,NO_RELATION,NO_RELATION,NO_RELATION,,,,True,True,True,esnli_validation_2335,validation,entailment,The car driving across a steel bridge is equivalent to a car diving across a bridge,"'A car is driving across a bridge' is a less detailed rephrasing of 'An orange car is driving across a steel bridge', specific characteristics have been omitted.",An orange car is a car driving across a (steel) bridge.,True,True
466956209.jpg#1r1e,snli,dev,A distant person is climbing up a very sheer mountain.,People are outside climbing.,entailment,2,False,,"(mountain, outside)",NO_RELATION,NO_RELATION,,False,False,,True,,,esnli_validation_1102,validation,entailment,The person is outside climbing because they are climbing up a mountain.,"If the person is climbing a mountain, they are outside.",People are climbing on a mountain,True,True
4688301633.jpg#3r1n,snli,dev,A surgeon is performing an open surgery.,A doctor is doing some kind of medical operation.,entailment,2,False,,"(open surgery, medical operation); (perform, do); (surgeon, doctor)","(open surgery, medical operation); (surgeon, doctor)","(surgeon, doctor); (surgery, medical operation)",,False,False,,False,,,esnli_validation_7330,validation,entailment,A surgeon is a doctor and if he is performing an open surgery then he is surely doing some kind of medical operation.,"Surgery is a synonym for operation, and surgeon is a type of doctor.",A doctor is doing a surgery,True,True
4697314878.jpg#1r1e,snli,dev,"A man walks away from a bright yellow, red and blue bounce house.",A man leaves a brightly colored bounce house.,entailment,3,False,,,"(walk away, leave)","(bright, brightly colored); (walk away, leave)","(walk away, leave)",,,,False,True,False,esnli_validation_3147,validation,entailment,if the man walks away he must be leaving the bounce house,If the house is bright yellow red and blue is then the house is brightly colored.,"Yellow, red, and blue are colors.",True,True
4703790336.jpg#2r1n,snli,dev,A woman in a yellow dress transporting picked food from the fields to wherever it may need to go.,A woman transports her crops from the fields,entailment,2,False,,"(food, crop)","(food, crop)","(picked food, crop)",,False,False,,False,,,esnli_validation_1521,validation,entailment,"Woman is transporting food, which is the crop, from the fields.","""A woman transports her crops from the fields"" is just a shorter rephrase of ""A woman in a yellow dress transporting picked food from the fields to wherever it may need to go."" We can assume she's transporting crops because it says ""picked food.""",transporting  picked food is inferred as  transports her crops,True,True
4704577040.jpg#1r1e,snli,dev,A thin man in a maroon shirt standing next to a pay phone.,A man is standing next to a payphone wearing a maroon shirt.,entailment,2,True,,"(pay phone, payphone)","(pay phone, payphone)",,"(pay phone, payphone)",True,,False,,False,,esnli_validation_3567,validation,entailment,A man is standing next to a pay phone.,A man is standing next to a pay phone is the same as standing next to a payphone.,thin man is inferred as man  and in a maroon is inferred as wearing a maroon shirt.,True,True
4718146904.jpg#2r1e,snli,dev,A man selling donuts to a customer during a world exhibition event held in the city of Angeles,A man selling donuts to a customer.,entailment,2,True,,NO_RELATION,NO_RELATION,,NO_RELATION,True,,True,,True,,esnli_validation_8,validation,entailment,A man selling donuts is selling donuts.,A man selling donuts is just a rephrasing of A man selling donuts at an event.,"""A man selling donuts to a customer"" is the same as ""a man selling donuts to a customer.""",True,True
4729191874.jpg#0r1e,snli,dev,A woman in a brown shirt and a man in a hat cross the street.,A man and woman are walking in the street.,entailment,2,True,,"(cross, walk)",,"(cross, walk)","(cross, walk)",,True,False,,,False,esnli_validation_5154,validation,entailment,Cross the street implies walking in the street.,"Woman in a brown shirt is a type of woman, and cross the street is walking in the street.",Man and woman have to walk in the street to cross it.,True,True
4729746211.jpg#1r1e,snli,dev,A man in a hat is working with golden colored flowers.,"A man in a hat is working with flowers,",entailment,2,True,,NO_RELATION,,NO_RELATION,NO_RELATION,,True,True,,,True,esnli_validation_6062,validation,entailment,The man in hat working with flowers is part of overall description of working with golden colored flowers.,Golden colored flowers are a type of flowers.,Golden colored flowers are still flowers.,True,True
4734162520.jpg#2r1e,snli,dev,Police officer and his motorcycle in a crowd of people at a protest.,A police officer is on his motorcycle.,entailment,3,True,,,NO_RELATION,NO_RELATION,NO_RELATION,,,,True,True,True,esnli_validation_5529,validation,entailment,An officer and his motorcycle in a crowd implies the officer is on his motorcycle.,A police officer always owns a motor cycle during duty.,"If police officer is on motorcycle, then he and motorcycle are together.",True,True
4740975956.jpg#4r1e,snli,dev,Tall man being stopped by an officer.,There is a tall man.,entailment,2,True,,NO_RELATION,NO_RELATION,,NO_RELATION,True,,True,,True,,esnli_validation_2559,validation,entailment,The tall man is there regardless of the action.,Answer: The tall man is stopped by an officer.,Tall man being stopped is a type of tall man.,True,True
4760159167.jpg#3r1e,snli,dev,A man walking by a cement column next to the sea.,There is a person near some water.,entailment,2,True,,"(man, person); (sea, water); (next to, near)","(man, person); (sea, water); (next to, near)","(man, person); (next to, near); (sea, water)",,True,False,,False,,,esnli_validation_7187,validation,entailment,Next to the sea implies they are by water.,The sea is full of water.,A man is a person and sea consist of water.,True,True
4769459188.jpg#3r1e,snli,dev,A smiling man wearing a football jersey is carrying a stack of video games.,The man totes the video games,entailment,3,False,,,"(carry, tote)","(tote, carry)","(carry, tote)",,,,False,True,False,esnli_validation_3155,validation,entailment,People are carrying a stack in a tote.,totes is another way of saying carrying,Totes means carrying.,True,True
477990943.jpg#0r1e,snli,dev,A girl with black hair and a green shirt has taken several bites from a fresh green apple.,The girl is eating in this picture.,entailment,2,True,,NO_RELATION,,NO_RELATION,NO_RELATION,,True,False,,,False,esnli_validation_3209,validation,entailment,"Taking ""several bites"" implies the girl is eating.",EATING IS USUALLY TO HAVE A SEVERAL  BITES,"In the picture, A girl eating a fresh green apple that is giving information about, eat apple a day keeps the doctor away!!",True,True
4786470364.jpg#0r1e,snli,dev,A man in a blue shirt and light blue cap walks by a working scale model of an antique freight train.,a guy with a shirt and hat walks past a train,entailment,2,True,,"(man, guy); (walk by, walk past); (cap, hat)",,"(cap, hat); (man, guy); (walk by, walk past)","(cap, hat); (man, guy); (walk by, walk past)",,False,False,,,False,esnli_validation_7344,validation,entailment,It tells you that a guy wearing a shirt and hat went past the train.,A man in a shirt and cap who walks by a train is the same as a guy with a shirt and hat who walks past a train.,The person is a guy because the person is a man.,True,True
4803960387.jpg#0r1e,snli,dev,A man wearing a white and blue shirt cooking corn on the cob while a different man buys a piece of corn.,A man is holding to some vegetables near another man.,entailment,3,True,,,"(corn, vegetable)","(corn, vegetable)","(corn, vegetable)",,,,True,True,True,esnli_validation_7507,validation,entailment,If a man is buying corn he could be said to be holding vegetables.,Corn is  one of the vegetables and for cooking corn is possible when man is holding it.,"The words different and another implies two people, corn meaning vegetables.",True,True
4813609768.jpg#3r1e,snli,dev,A woman in a blue shirt stands with her hands on her hips.,The woman in the blue shirt is touching herself.,entailment,3,True,,,NO_RELATION,NO_RELATION,NO_RELATION,,,,True,True,True,esnli_validation_8423,validation,entailment,Having your hands on your hips is touching yourself.,Placing hands on your hip is touching herself,The woman has to be touching herself in order to put her hands on her hips.,True,True
481887827.jpg#3r1e,snli,dev,A group of people sit before a campfire.,People are around a fire,entailment,2,True,,"(campfire, fire)","(campfire, fire)","(campfire, fire)",,True,True,,True,,,esnli_validation_2416,validation,entailment,People who sit at a campfire at around a fire.,"A campfire is a type of fire, and people are around it because they are sitting by it.","People infers a group of people, and a campfire is a type of fire.",True,True
481888930.jpg#1r1e,snli,dev,A woman with sneakers and a skirt is sweeping out a storage building.,Casually dressed woman cleans out storage building.,entailment,3,False,,,"(sweep out, clean)","(sweep, clean)","(sweep out, clean out)",,,,False,False,False,esnli_validation_7139,validation,entailment,The lady cleans by sweeping the building.,"Woman with sneakers implies a casually dressed woman, and sweeping out is a rephrasing of cleans out.",Sneakers and a skirt constitutes a casually dressed outfit.,True,True
4820830153.jpg#0r1e,snli,test,A local street in an Arabic country where there is a market selling Coca-Cola.,A market is selling soft drinks in an Arabic country.,entailment,2,False,,"(coca-cola, drink)","(coca-cola, soft drink)",,"(coca-cola, soft drink)",False,,False,,True,,esnli_test_3016,test,entailment,ARABIC MARKET ARE SELLING COCA COLA,A market is selling soft drinks.,Coca-Cola is being sold in an Arabic country.,True,True
4833879670.jpg#0r1e,snli,dev,"A man is standing on the sidewalk, playing a guitar and singing, with a container of tips by him.",A man is performing outside.,entailment,3,False,,,"(sidewalk, outside); (play, perform); (sing, perform)","(play, perform); (sing, perform)","(sidewalk, outside)",,,,False,False,False,esnli_validation_3036,validation,entailment,If the man is standing on the sidewalk then he is outside.  Playing the guitar and singing is performing.,Playing a guitar and singing are forms of performing. Sidewalks are located outside.,"The man is playing guitar and singing, therefore he is performing. The man is standing on the sidewalk, therefore he is outside.",True,True
4851047049.jpg#3r1e,snli,dev,A man playing a guitar while a woman in a checks the oven.,A man plays an instrument.,entailment,3,True,,,"(guitar, instrument)","(guitar, instrument)","(guitar, instrument)",,,,True,True,True,esnli_validation_6359,validation,entailment,A guitar is an instrument.,A guitar is a type of instrument.,A guitar is a type of instrument and man playing a guitar is a more specific way of saying a man plays an instrument.,True,True
4876043682.jpg#2r1e,snli,dev,A boy rides on a camel in a crowded area while talking on his cellphone.,A boy is riding an animal.,entailment,2,True,,"(camel, animal)","(camel, animal)","(camel, animal)",,True,True,,True,,,esnli_validation_777,validation,entailment,Boy matches boy and a camel is a animal,A camel is a type of animal.,Camel is an animal.,True,True
4887879873.jpg#2r1e,snli,test,A man wearing a black jacket stands next to a body of water.,A person is outside near some water.,entailment,2,True,,"(man, person)",,"(man, person)","(man, person)",,True,True,,,True,esnli_test_8563,test,entailment,A man is a person.,A PERSON STANDS NEXT TO A BODY OF WATER,A man is a person and the water is outside.,True,True
4894267064.jpg#3r1e,snli,dev,2 woman walking down the street next to graffiti,The woman are by grafitti.,entailment,2,True,,NO_RELATION,NO_RELATION,,NO_RELATION,True,,True,,True,,esnli_validation_1033,validation,entailment,woman walking down the street next to graffitimeans the woman are by grafitti,The street is next to graffiti.,Graffiti may be seen on the street while down it.,True,True
4909669888.jpg#2r1e,snli,dev,A Black woman on the street is talking on her cellphone.,A black woman is on her phone.,entailment,2,True,,"(cellphone, phone)","(cellphone, phone)",,"(cellphone, phone)",False,,False,,True,,esnli_validation_3047,validation,entailment,A black woman is talking on her phone.,"A black woman ""is on her phone"" is the same  as "" talking on her cellphone"".","Talking on her cellphone and on her phone, two are the same.",True,True
4915658588.jpg#4r1e,snli,dev,Three people wearing black chatting on a street corner.,Three people are talking outside.,entailment,2,False,,"(chat, talk); (street, outside)",,"(chat, talk)","(chat, talk); (street corner, outside)",,False,False,,,False,esnli_validation_6448,validation,entailment,Answer: Talking refers to chatting and outside refers to street corner.,People chatting on a street corner are talking outside.,A street corner is outside.,True,True
4929903531.jpg#1r1e,snli,dev,A child is looking at some colorful dresses.,A person is looking at some colorful dresses.,entailment,2,True,,"(child, person)","(child, person)","(child, person)",,True,True,,True,,,esnli_validation_6983,validation,entailment,A child is considered a person.,A child is a person.,Child is a person.,True,True
493507605.jpg#2r1e,snli,dev,Two black dogs run along the green grass.,Two dogs run along the lawn.,entailment,3,False,,,NO_RELATION,"(grass, lawn)",NO_RELATION,,,,False,True,False,esnli_validation_7304,validation,entailment,"Two dogs run along a lawn, which implies green grass.",Lawn means it is a green grass.,Some dogs are black and a lawn had green grass.,True,True
4935241932.jpg#3r1e,snli,dev,A green bike is parked next to a door.,The bike is outside.,entailment,3,True,,,NO_RELATION,NO_RELATION,NO_RELATION,,,,True,True,True,esnli_validation_3981,validation,entailment,Generally a door leads outside.,"Green bike is a type of bike, and parked implies outside.",A green bike is a bike and parked next to a door means the bike should be outside.,True,True
4938897545.jpg#4r1e,snli,dev,A motorcycle rider is making a sharp turn.,The motorcyclist is turning.,entailment,2,True,,"(motorcycle rider, motorcyclist)","(motorcycle rider, motorcyclist)",,"(motorcycle rider, motorcyclist)",False,,True,,False,,esnli_validation_2033,validation,entailment,A motorcyclist is a type of rider.  A sharp turn is a form of turning.,"A motorcycle ride is a motorcyclist, and they are turning.","A motorcycle rider is called a motorcyclist, and a sharp turn is a way of turning.",True,True
4950416860.jpg#3r1e,snli,dev,A man in a canoe throwing a yellow net into the water.,A man is in a boat,entailment,3,True,,,"(canoe, boat)","(canoe, boat)","(canoe, boat)",,,,True,True,True,esnli_validation_6401,validation,entailment,Canoe is a type of boat.,"A canoe is a boat, therefore a man in a boat or a canoe is the same thing only rephrased and less specific about the type of boat.",Canoe is a type of boat.,True,True
4979886037.jpg#3r1e,snli,dev,A smiling costumed woman is holding an umbrella.,A happy woman holds an umbrella.,entailment,2,True,,"(smiling, happy)",,"(smiling, happy)","(smiling, happy)",,True,True,,,True,esnli_validation_6078,validation,entailment,Smiling shows that you are happy.,A smiling woman is the same as a happy woman.,"If a woman is smiling, that implies that she is happy.",True,True
4980505768.jpg#1r1e,snli,dev,A woman dressed as Snow White walks with other girls in costume down a street.,A woman is dressed as a fairy tale character.,entailment,3,True,,,"(snow white, fairy tale character)","(snow white, fairy tale character)","(snow white, fairy tale character)",,,,True,True,True,esnli_validation_8015,validation,entailment,Snow White is a fairy tale character.,"Snow White is a fairy tale character, and in costume implies is dressed.",Snow White is a fairy tale character.,True,True
4985197970.jpg#0r1e,snli,dev,"A sunny street with a red building, parked cars, and a man walking down the road.",The sun is shining.,entailment,3,True,,,NO_RELATION,NO_RELATION,NO_RELATION,,,,True,True,True,esnli_validation_9491,validation,entailment,On a sunny day the man parked his cars and its shining in the sun,a sunny street implies that the sun is shining.,"If the street is sunny, then the sun is shining.",True,True
4985197970.jpg#3r1e,snli,dev,A person is walking down a cobblestone street.,The cobblestone street is not empty.,entailment,2,True,,NO_RELATION,NO_RELATION,,NO_RELATION,False,,False,,True,,esnli_validation_4878,validation,entailment,The cobblestone street is not empty because a person is walking down it.,The street is not empty because a person is walking down it.,Person is walking down street implies street is not empty.,True,True
501699433.jpg#0r1e,snli,dev,Two boys are swimming underwater in a pool and a girl is swimming in the background.,There are some kids in this picture,entailment,2,False,,"(boy, kid)","(boy, kid)","(boy, kid); (girl, kid)",,True,False,,False,,,esnli_validation_2133,validation,entailment,There are two boys and a girl are some kids.,Two boys and a girl is the same as some kids.,"""Two boys"" and ""a girl is swimming in the background"" implies multiple kids in a picture.",True,True
5042057368.jpg#3r1e,snli,dev,Old woman chasing away two lambs with a broom.,There is a woman and some animals.,entailment,2,True,,"(lamb, animal)","(lamb, animal)","(lamb, animal)",,True,True,,True,,,esnli_validation_7241,validation,entailment,Lambs are animals and an woman is an woman.,"Old woman is a woman, and two lambs are some animals.","Two lambs are animals, and the woman is chasing them away so she must be close to the animals. That means that there is a woman and some animals.",True,True
506442755.jpg#3r1e,snli,dev,bicycles stationed while a group of people socialize.,People get together near a stand of bicycles.,entailment,3,False,,,"(socialize, get together)","(socialize, get together); (station, stand)","(socialize, get together)",,,,False,False,False,esnli_validation_3506,validation,entailment,Group of people and people are same and socializing is the same as get together.,The group of people in sentence 1 are the same group of people near the bicycles in sentence 2.,people socialize is inferred as People get together  and bicycles stationed is inferred as  stand of bicycles,True,True
507035997.jpg#2r1e,snli,dev,A man cooking kabobs on a barbecue in his backyard.,The man is have a cookout.,entailment,3,True,,,NO_RELATION,NO_RELATION,NO_RELATION,,,,True,True,True,esnli_validation_7037,validation,entailment,Now a days man is cooking better than the woman he is cooking kabobs on a barbecue .,The man is having a cookout because he his cooking on a barbecue in his backyard.,cooking kabobs in his backyard is inferred as cookout.,True,True
507746329.jpg#3r1e,snli,dev,Six children splashing in an outdoor water park.,Kids are wet.,entailment,2,False,,"(child, kid); (splash, wet)","(child, kid)","(child, kid)",,False,False,,False,,,esnli_validation_2987,validation,entailment,kids are also call children and they are splashing in a water park,kids are wet by splashing and playing on the water park.,The kids that are wet are the six children splashing in an park,True,True
51145797.jpg#4r1e,snli,dev,Two people are in a green forest.,The forest is not dead.,entailment,2,True,,NO_RELATION,NO_RELATION,,NO_RELATION,True,,True,,True,,esnli_validation_4076,validation,entailment,Two people are in a green forest which implies that the forest is not dead and still under human scanner.,"If there are two people in the forest, it is not dead.",Green forest implies forest is not dead.,True,True
5217397101.jpg#3r1e,snli,dev,A nun is taking a picture outside.,A woman is outside,entailment,2,True,,"(nun, woman)","(nun, woman)","(nun, woman)",,True,True,,True,,,esnli_validation_2577,validation,entailment,The nun is a woman and the woman is outside.,A nun is a woman.,A nun is a woman and of her taking a picture outside means the woman is outside.,True,True
5218695756.jpg#0r1e,snli,dev,"A worker in a striped orange, gray, and white t-shirt hovers over a stand that is displaying different kinds of flat bread.",A worker stands over a bread display.,entailment,2,False,,"(stand, display)",,"(stand, display)","(hover over, stand over); (stand, display)",,True,False,,,False,esnli_validation_4935,validation,entailment,A worker hovers over a stand displaying flat bread must be a worker stands over a bread display.,hover is to stay or stand in one place. displaying different kinds of flat bread is rephrased as bread display.,"Different kinds of flat bread are a bread display, and stands over is a paraphrase of hovers over.",True,True
5262731925.jpg#3r1e,snli,dev,One man watching another man operate heavy machinery doing road construction.,A man watches another do construction work.,entailment,2,False,,"(operate, do); (road construction, construction work)","(road construction, construction work)","(road construction, construction work)",,False,False,,True,,,esnli_validation_6377,validation,entailment,A man is looking onto the first man operating machinery while doing road construction.,One means A,The man doing construction work has to operate heavy machinery.,True,True
5266194002.jpg#0r1e,snli,dev,A man in a blue t-shirt is watching two women sitting at a table in the kitchen baking.,A man watches two women cook,entailment,2,True,,"(bake, cook)",,"(bake, cook)","(bake, cook)",,False,False,,,True,esnli_validation_3057,validation,entailment,Baking implies cook.,BAKING IS A FORM OF COOKING,Baking also a kind of cooking.,True,True
5280521648.jpg#0r1e,snli,dev,A young man and a young women in white lab coats are reading a biology textbook together and looking at a microscope in a laboratory.,Two people are referencing a textbook in a laboratory.,entailment,2,False,"(man, people); (read, reference); (woman, people)","(man, person); (read, reference); (woman, person)",,NO_RELATION,"(read, reference)",,False,False,,,False,esnli_validation_4091,validation,entailment,"Young man and a young women are two people, and referencing is a type of reading.",Man and women are people and they are both reading a textbook.,The man and the women are two people referencing a textbook together by reading it.,True,True
530661899.jpg#2r1e,snli,dev,A man and women walk atop a hill.,A man and woman are walking.,entailment,2,True,,NO_RELATION,NO_RELATION,,NO_RELATION,True,,True,,True,,esnli_validation_1728,validation,entailment,"If there are women, it is implied that at least one woman is in the group.",A walk atop a hill requires walking.,The man and woman are walking and reached to top of hill.,True,True
533601247.jpg#2r1e,snli,dev,A boy in sandals is looking at a camera in a busy street.,"A boy is in a busy street, wearing sandals, looking at a camera",entailment,2,True,,NO_RELATION,,NO_RELATION,NO_RELATION,,True,False,,,False,esnli_validation_7990,validation,entailment,A boy in sandals must be wearing sandals.,The scene describes a boy wearing sandals in a busy street looking directly at a camera.,"The sentences share the phrases boy, looking at a camera, and busy street.",True,True
5430568615.jpg#4r1e,snli,dev,A crowd of people are watching hot air balloons inflate.,People watching hot air balloons inflating.,entailment,2,False,,"(crowd, people)",NO_RELATION,NO_RELATION,,False,False,,True,,,esnli_validation_529,validation,entailment,Crowd of people means people in short.,PEOPLE ITSELF INDICATES A CROWD.,"If there is a crowd of people, there are people.",True,True
5436986554.jpg#1r1e,snli,dev,Military men dressed in camouflage and white aim there weapons while out in the snowy weather.,men have weapons,entailment,3,True,,,NO_RELATION,NO_RELATION,NO_RELATION,,,,True,True,True,esnli_validation_4874,validation,entailment,Military men always carry weapons,Military men in camouflage are naturally going to have weapons.,"Military men are men, and aim there weapons implies have weapons.",True,True
552863655.jpg#3r1e,snli,dev,A young boy kissing an old man on the forehead.,There is a boy showing affection to an old man.,entailment,2,False,,"(kiss, affection)",,NO_RELATION,"(kiss, affection)",,False,False,,,False,esnli_validation_3496,validation,entailment,Kissing is a way of showing affection.,A young boy is a boy kissing an old man means showing affection to an old man.,Kissing is a way of showing affection.,True,True
562928217.jpg#4r1e,snli,dev,A black and a white dog are going after a tennis ball.,The dogs are chasing a ball.,entailment,2,True,,"(go after, chase)","(go after, chase)","(go after, chase)",,True,True,,True,,,esnli_validation_6428,validation,entailment,"A black and a white dog can be described collectively as 'dogs', also going after a tennis ball can be rephrased simply as 'chasing a ball'.",Dogs chasing a ball are going after it.,going after means chasing,True,True
5728602543.jpg#4r1e,snli,dev,Two young girls looking at Barbie dolls.,Two girls are watching dolls.,entailment,2,True,,"(look, watch)","(look, watch)","(look, watch)",,True,False,,False,,,esnli_validation_1986,validation,entailment,Two young girls are looking at their dolls.,BARBIE DOLLS ARE ADMIRED BY THE GIRLS,Watching is a form of looking.,True,True
5770115416.jpg#3r1e,snli,dev,Elderly man painting a picture with a small paintbrush.,An old man is creating art.,entailment,3,False,,,"(elderly, old); (paint, create); (picture, art)","(elderly, old); (paint, create); (picture, art)","(elderly, old); (paint, creat); (picture, art)",,,,False,False,False,esnli_validation_3727,validation,entailment,The man is old because he is elderly.,"'old' can be used as a synonym for 'elderly', also if someone is painting a picture this can also be described as 'creating art'.",Elderly is a synonym for old and painting a picture is creating art.,True,True
5791070.jpg#3r1e,snli,dev,"Interior of the restaurant chain: Planet Hollywood, various movie memorabilia decorate the space.",The inside of a restaurant.,entailment,3,True,,,"(interior, inside)","(interior, inside)","(interior, inside)",,,,False,False,True,esnli_validation_3557,validation,entailment,Both sentences are inside or in the interior of the restaurant and say the same thing.,Interior means the same as inside.  The location remains to be a restaurant.,The interior of a restaurant is the inside of it.,True,True
5871026012.jpg#3r1e,snli,dev,A golfer has just finished swinging his club.,a human outside,entailment,2,True,,"(golfer, human)","(golfer, human)","(golfer, human)",,False,True,,False,,,esnli_validation_2029,validation,entailment,"Human outside, refers to the golfer.","A golfer is a human, and golf is played outdoors, so he is outside,",A golfer is playing outside,True,True
6167481552.jpg#3r1e,snli,dev,A football team getting ready for the coin toss in a half empty stadium.,The stadium is not full.,entailment,2,True,,"(half empty, not full)","(half empty, not full)",,"(half empty, not full)",False,,False,,False,,esnli_validation_3151,validation,entailment,The Stadium is not full because it is half empty,A football team is getting ready in a stadium.,A half empty stadium cannot be full.,True,True
6167481552.jpg#3r1n,snli,dev,A football team getting ready for the coin toss in a half empty stadium.,There is a game about to be played.,entailment,2,True,,NO_RELATION,,NO_RELATION,NO_RELATION,,True,True,,,True,esnli_validation_3152,validation,entailment,The football team is getting ready for the coin toss before they play their game.,Coin toss implies game about to be played.,"The act of getting ready implies preparation,  and stadium involves a location for playing games.  The coin toss is generally the beginning of a game.",True,True
6220789654.jpg#3r1e,snli,dev,A woman closes her eyes as she plays her cello.,A woman is making music.,entailment,2,True,,NO_RELATION,NO_RELATION,NO_RELATION,,False,True,,False,,,esnli_validation_2231,validation,entailment,"When one plays the cello, one is making music.",A woman is playing her cello so she is making music.,A woman playing her cello is making music.,True,True
6285562381.jpg#2r1e,snli,dev,A man and a woman hug on a grassy hillside overlooking the countryside in the distance.,The man and woman are outdoors.,entailment,2,True,,"(hillside, outdoors)","(hillside, outdoors)",,"(hillside, outdoors)",False,,True,,False,,esnli_validation_599,validation,entailment,A grassy hillside is outdoors.,A man and a woman hug on a grassy hillside and started to play outdoor game.,The man and woman are outdoors because there is a grassy hill overlooking the countryside,True,True
6326513189.jpg#3r1e,snli,dev,One of the hockey players just tried to score,There are a bunch of people on the ice.,entailment,2,False,"(player, people)","(player, person)",,NO_RELATION,NO_RELATION,,False,False,,,True,esnli_validation_3960,validation,entailment,One of the bunch of hockey players just tried to score on the ice,"Hockey players are people, and hockey is often played on ice.",The bunch of people on the ice is watching the hockey players game and how they getting the score.,True,True
6336028231.jpg#0r1e,snli,dev,A skydiving instructor with a student strapped together while skydiving.,People are jumping from a plane.,entailment,2,True,,NO_RELATION,,NO_RELATION,NO_RELATION,,True,True,,,True,esnli_validation_7818,validation,entailment,The skydiving instructor is teaching student how to jump from a plane.,When people are skydiving they jump from a plane.,A skydiving instructor with a student are people. Skydiving involves jumping from a plane.,True,True
6473658975.jpg#3r1e,snli,dev,The couple are wearing glasses intended for 3D movies.,A couple are both wearing accessories.,entailment,2,False,,NO_RELATION,,"(glasses, accessory)",NO_RELATION,,False,True,,,False,esnli_validation_6028,validation,entailment,Glasses are accessories.,Glasses are inferred as accessories,glasses are wearable accessories,True,True
65847949.jpg#1r3e,snli,train,Four women sitting on green outdoor furniture on a patio with a small doghouse in the backdrop.,four women sitting outdoors,entailment,2,True,,"(patio, outdoors)","(patio, outdoors)","(patio, outdoors)",,False,True,,False,,,esnli_train_142187,train,entailment,women sitting in the outdoors is same as women siting on green outdoor on patio,,,True,True
686293997.jpg#4r1e,snli,dev,"Dinner and decisions, with the crew.",the crew was having dinner,entailment,2,True,,NO_RELATION,NO_RELATION,,NO_RELATION,True,,True,,True,,esnli_validation_397,validation,entailment,"The crew are having dinner, whilst making decisions.","Dinner and decisions, with the crew can be inferred as crew having dinner",The crew was having dinner because it was time for dinner and decisions.,True,True
697582336.jpg#3r1e,snli,test,The German shepherd runs happily in the park.,Dog runs outside.,entailment,2,False,,"(german shepherd, dog); (park, outside)",,"(german shepherd, dog); (park, outside)","(park, outside)",,False,False,,,False,esnli_test_7454,test,entailment,German shepherd running implies a dog running.,"If the dog is in the park, the dog must be outside.",German shepherd is a species of dog,True,True
7081260077.jpg#3r1e,snli,dev,Rugby player in blue dives to tackle the ball carrier in white.,A rugby player is playing in a match.,entailment,3,True,,,NO_RELATION,NO_RELATION,NO_RELATION,,,,True,True,True,esnli_validation_7996,validation,entailment,"Sentence 2 has no identifying colors as Rugby player in blue and ball carrier in white, and because this is left out there is no competitive nature to Sentence 2 which just states the rugby player is playing in a match.",Diving to tackle a ball is a form of playing.,Rugby player in blue dives to tackle the ball so they should be playing  in a match.,True,True
7123721879.jpg#0r1e,snli,dev,"A single runner, clothed in appropriate attire, jogging on a sidewalk next to a body of water, with buildings in the backdrop on the other side of the water.","A jogger, dressed for jogging, jogs on a sidewalk near water.",entailment,3,True,,,"(runner, jogger); (next to, near); (clothed, dressed)","(next to, near); (runner, jogger); (clothed, dressed)","(clothed, dressed); (runner, jogger); (next to, near)",,,,False,False,False,esnli_validation_7370,validation,entailment,A jogger jogs with buildings in the backdrop.,"A runner that is jogging is a jogger, and next to is synonymous with near.",A single runner or jogger clothed in appropriate attire means dressed for jogging jogs on a sidewalk as part of the total description in the backdrop on the other side of the water or near water.,True,True
72010421.jpg#0r1e,snli,dev,"A young girl sitting on a white comforter on a bed covered with clothing, holding a yellow stuffed duck.",A yellow duck being held by a girl.,entailment,2,True,,NO_RELATION,NO_RELATION,,NO_RELATION,True,,True,,True,,esnli_validation_1271,validation,entailment,A yellow duck being held by a girl is a rephrasing of a young girl holding a yellow stuffed duck.,A yellow duck being held is a rephrasing of holding a yellow stuffed duck.,The girl may be young. The yellow duck can be a stuffed animal.,True,True
7292157214.jpg#0r1e,snli,dev,A man wearing a white jacket and pink hat is speaking into a microphone while raising one arm above his head.,The man is wearing a hat.,entailment,2,True,,NO_RELATION,NO_RELATION,NO_RELATION,,True,True,,True,,,esnli_validation_2429,validation,entailment,A pink hat is a hat.,A man is speaking into a microphone raising one arm.,The man wearing a pink hat is wearing a hat.,True,True
7308951892.jpg#0r1e,snli,dev,A construction worker is standing on a crane placing a large arm on top of a stature in progress.,A person standing,entailment,3,False,,,"(worker, person)","(worker, person)","(construction worker, person)",,,,False,False,False,esnli_validation_656,validation,entailment,"Construction worker is a person, and standing is a paraphrase of is standing on.",A construction worker is a person and is standing.,A construction worker is a person.,True,True
7391785714.jpg#4r1e,snli,dev,Kids are on a amusement ride.,Kids ride an amusement ride.,entailment,2,True,,NO_RELATION,NO_RELATION,NO_RELATION,,True,True,,True,,,esnli_validation_50,validation,entailment,Kids ride on amusement rides.,"Kids on a ride, ride a ride.",on a amusement ride is inferred as ride an amusement ride.,True,True
7417714642.jpg#0r1e,snli,dev,A bride wearing her bridal gown is taking pictures with her colorful wedding bouquet in front of cows.,A bride is taking wedding pictures.,entailment,3,True,,,NO_RELATION,NO_RELATION,NO_RELATION,,,,True,True,True,esnli_validation_1675,validation,entailment,The pictures are of a wedding.,Pictures taken of bride are wedding pictures.,A bride wearing her gown with her bouquet and taking pictures implies she is taking wedding pictures.,True,True
74759622.jpg#0r1e,snli,dev,A guy is standing in front of a toilet with a coffee cup in one hand and a toilet brush in the other.,A guy is standing in a bathroom.,entailment,2,False,,"(toilet, bathroom)",,NO_RELATION,"(toilet, bathroom)",,False,True,,,False,esnli_validation_3695,validation,entailment,A guy is standing in front of the toilet in the bathroom.,standing in front of the toilet means that he must be in a bathroom,The guy is standing in the bathroom holding a toilet brush.,True,True
761479953.jpg#2r1e,snli,dev,A young boy wearing safety swimming gear and goggles is in a pool.,A kid uses eye protection while in the water.,entailment,2,True,,"(goggles, eye protection); (pool, water); (young boy, kid)",,"(goggles, eye protection); (pool, water); (young boy, kid)","(goggles, eye protection); (pool, water); (young boy, kid)",,True,True,,,True,esnli_validation_8084,validation,entailment,A young boy is called a kid and goggles are a form of eye protection.,"They have a similar subject (boy, kid) with a similar verb (wearing, uses) and similar direct objects (goggles, eye protection).","A young boy is a kid, and goggles are a form of eye protection.",True,True
7671653534.jpg#2r1e,snli,dev,"Bicyclists are in the street as a crowd watches them ride by a banner that say ""London 2012"".",There are bikes being ridden.,entailment,2,True,,NO_RELATION,,NO_RELATION,NO_RELATION,,True,True,,,True,esnli_validation_6110,validation,entailment,Bicyclists are riding bikes.,Bikes being ridden implies bicyclists.,"If there are bicyclists, there are bikes beign ridden.",True,True
7700959654.jpg#4r1e,snli,dev,A woman and a man are sword fighting.,Two people are opposing each other in a sword fight.,entailment,3,True,,,NO_RELATION,NO_RELATION,NO_RELATION,,,,True,True,True,esnli_validation_7589,validation,entailment,A man and a woman equals two people.,A woman and a man means two people.,"A woman and a man are two people, and sword fighting implies being opposed.",True,True
7724666074.jpg#3r1e,snli,dev,A person is riding a colorful dirt bike on dirt hills.,A person rides a dirt bike outside.,entailment,2,False,,"(hill, outside)","(hill, outside)",,"(dirt hill, outside)",False,,False,,False,,esnli_validation_3068,validation,entailment,A PERSON RIDES A DIRT BIKE.,Dirt hills are usually found outside.,A person  rides the dirt hill outside on the dirt bike,True,True
7757111016.jpg#1r1e,snli,dev,a maintenance worker at the airport carries a small girl.,A person carries a child.,entailment,2,False,"(small girl, child); (maintenance worker, person)","(girl, child); (worker, person)","(girl, child); (maintenance worker, person)","(small girl, child); (worker, person)",,False,False,,False,,,esnli_validation_7600,validation,entailment,"A worker may be considered to be a person, and a small girl may be considered to be a child.",A maintenance worker is a person.  A little girl is a child.,"A maintenance worker is a person, and a small girl is a child.",True,True
7764955218.jpg#4r1e,snli,dev,Two men in yellow jackets and black pants have medals.,The men have been given an award at some point.,entailment,2,True,,"(medal, award)","(medal, award)","(medal, award)",,True,True,,True,,,esnli_validation_8069,validation,entailment,The men have been given an award because they have medals.,When they give a award there should be a medals.,The men have must be given medals to be able to say they have them.,True,True
78347259.jpg#4r1e,snli,dev,A Korean gentlemen kicks up his leg.,A person is kicking.,entailment,3,False,"(gentleman, person)",,"(gentlemen, person)","(gentlemen, person)","(gentleman, person)",,,,True,False,False,esnli_validation_2341,validation,entailment,Kicks up his leg indicates kicking.,Answer: The person is a Korean gentleman.,"Korean gentlemen is a person, and is kicking is a paraphrase of kicks up.",True,True
7852369036.jpg#0r1e,snli,dev,"An Asian badminton player at the Olympics is sprawled on the court, face down with his racket at his side.","A sports contestant in an international competition, is on the ground still holding onto his sporting equipment.",entailment,2,False,"(olympics, competition); (racket, sporting equipment); (badminton player, contestant)","(olympics, competition); (player, contestant); (racket, sporting equipment)",,"(badminton player, sports contestant); (olympics, international competition); (racket, sporting equipment)","(olympics, international competition); (racket, sporting equipment); (badminton player, contestant)",,False,False,,,False,esnli_validation_6691,validation,entailment,The sports contestant is a badminton player that is playing at the international competition which happens to be the Olympics.,His racket is his sporting equipment.,"A sports contestant happens to be a badminton player. He is laying on the ground. His equipment would, of course, be a racket and a badminton player can only play on a court.",True,True
7852369036.jpg#2r1e,snli,dev,A badminton player from china is sprawled out on the badminton court with his racket close by.,A badminton player is laying on a court.,entailment,2,True,,"(sprawl out, lay)","(sprawl out, lay)","(sprawl out, lay)",,False,False,,False,,,esnli_validation_2551,validation,entailment,"If a badminton player is sprawled out, he is laying on the court.","If the player is sprawled out, the player is laying.",The player is laying on a court because he/she is sprawled out on the court.,True,True
7979042317.jpg#0r1e,snli,dev,A group of Asian men pose around a large table after enjoying a meal together.,A group of Asian men just ate a meal together.,entailment,2,False,,"(after, just); (enjoy, eat)",,NO_RELATION,"(enjoy, eat)",,False,False,,,False,esnli_validation_6130,validation,entailment,The men ate and are enjoying a meal together.,Enjoying a meal implies that the men ate the food.,A group of Asian men enjoyed the eating of the meal together.,True,True
8159685316.jpg#1r1e,snli,dev,"Female runners from Japan, Germany and China are running side by side.",The runners are not from the US,entailment,3,True,,,NO_RELATION,NO_RELATION,NO_RELATION,,,,True,True,True,esnli_validation_3062,validation,entailment,"If the runners are from Japan, Germany, and China they are not from the US.","Female runners are runners, and from Japan, Germany and China implies not from the US.","The runners are from Japan, Germany, and China, which are not the US.",True,True
8182074427.jpg#3r1e,snli,dev,A female basketball player dribbling down court.,A female basketball player is dribbling,entailment,2,True,,NO_RELATION,NO_RELATION,,NO_RELATION,True,,True,,True,,esnli_validation_1880,validation,entailment,"A player ""dribbling down court"" is a rephrasing of ""is dribbling"".",Sentence 1 directly says a female basketball player is dribbling.,A female basketball player dribbling down court is the same as a female basketball player is dribbling,True,True
823425327.jpg#4r1e,snli,dev,There are three woman conversing at a table with drinks.,Women are talking,entailment,3,True,,,"(converse, talk)","(converse, talk)","(converse, talk)",,,,True,True,True,esnli_validation_6887,validation,entailment,Women means there are two-three woman.  Conversing is a form of talking.,talking is a rephrasing of conversing.,The women are talking because they are conversing.,True,True
82945847.jpg#0r1n,snli,dev,"Three sisters, barefoot in pink dresses and who range in age from preschool to teenager are pictured on a beach as they look out at the Ocean.","Three sisters, barefoot in pretty pink dresses and who range in age from preschool to teenager",entailment,2,True,,NO_RELATION,NO_RELATION,,NO_RELATION,True,,True,,True,,esnli_validation_1517,validation,entailment,"Three sisters, barefoot in pink dresses and who range in age from preschool to teenager.","Three sisters, barefoot in pink dresses and who range in age from preschool to teenager is part of the total description as they look out at the Ocean.",Three sisters range in age from preschool to teenager.,True,True
86112925.jpg#0r1e,snli,dev,"A woman in a patterned shirt hands a plate of food to another woman in an apron, while two women work in the background.",Several women collaborate to hand out food.,entailment,2,True,,NO_RELATION,NO_RELATION,NO_RELATION,,True,True,,True,,,esnli_validation_514,validation,entailment,A woman who hands a plate of food to another presumably wants to collaborate with her. Having multiple of anything is the same as having several.,"To collaborate means to work together to do something.  Four women are mentioned, so that constitutes several women.  One hands a plate of food to another who is in an apron, so that denotes that they are in a restaurant or other place where food is handed out.",A woman in a patterned shirt hands a plate of food to another woman in an apron because they are collaborating to hand out food.,True,True
89332423.jpg#4r1e,snli,dev,A man holding a large swordfish.,There is a person with a fish.,entailment,2,True,,"(man, person); (swordfish, fish)","(swordfish, fish); (man, person)","(man, person); (swordfish, fish)",,False,False,,False,,,esnli_validation_6819,validation,entailment,A person and man are equivalent and holding a large swordfish means person or man with a fish.,A man with a swordfish is a person with a fish.,A man going to prepare a fish curry so he holding the fish to cut in to pieces.,True,True
92413203.jpg#0r1e,snli,dev,Three people each lead one camel with riders in a silhouetted line across sand dunes and a gray sky.,People walking across the sand.,entailment,2,False,"(sand dune, sand); (lead, walk)","(lead, walk)","(sand dune, sand)","(sand dune, sand)",,False,False,,False,,,esnli_validation_5485,validation,entailment,The people leading camels are walking across the sand.,"If you lead one camel, you are taking it somewhere, probably by walking. Both sentences state the people are moving across sand.",Peoples are walking across the sand dunes.,True,True
941641803.jpg#3r1e,snli,train,A man toy field hockey with a toddler in the grass.,A man playing field hockey with a small child outside.,entailment,2,False,"(toddler, small child); (toy, play); (grass, outside)","(toddler, child); (toy, play)","(toddler, small child); (toy, play)",,"(toddler, small child); (toy, play)",False,,False,,True,,esnli_train_40420,train,entailment,"A toddler is a type of small child, and grass is only outside.",,,True,True
952171414.jpg#2r1e,snli,dev,a group of four people conversing next to a bus,A group of people are talking near a vehicle.,entailment,2,True,,"(bus, vehicle); (converse, talk); (next to, near)",,"(bus, vehicle); (converse, talk); (next to, near)","(bus, vehicle); (converse, talk); (next to, near)",,False,True,,,False,esnli_validation_3533,validation,entailment,A group can be four people. Talking means conversing. A bus is a vehicle.,A bus is a vehicle.,Conversing means talking and a bus is a vehicle.,True,True
96056569.jpg#3r1e,snli,dev,A woman and man are cutting a large cake.,People are cutting a cake.,entailment,2,False,"(man, people); (woman, people)","(man, person); (woman, person)",NO_RELATION,,NO_RELATION,False,,False,,False,,esnli_validation_2846,validation,entailment,A woman and man are people.,"More than two people are cutting the cake, the first sentence specifies who's doing the cutting","People means more than one person, here there is a man and a woman.",True,True
973353650.jpg#3r1e,snli,dev,An elder bearded man having a rest in a dilapidated building.,An old bearded man is in an old building.,entailment,3,False,"(dilapidated building, old building); (elder, old)",,"(dilapitated, old); (elder, old)","(dilapidated, old); (elder bearded man, old bearded man)","(dilapidated, old); (elder, old)",,,,False,False,False,esnli_validation_3610,validation,entailment,Dilapidated means old.,A dilapidated building is the same as an old building.,"The building that the old man is in, is old because it is dilapidated.",True,True
976581518.jpg#0r1e,snli,test,A scientist studies a slide in order to work on her new creation.,A scientist studies a slide that is related to her invention.,entailment,2,True,,"(creation, invention)",,"(creation, invention)","(creation, invention)",,True,True,,,True,esnli_test_2730,test,entailment,Creation is a form of invention.,"The word ""creation"" is a synonym for ""invention."" The scientist is studying the slide ""to work on her new creation,"" which suggests that the slide is related to her new creation (and thus to her invention).",Her new creation is her new invention.,True,True
985982384.jpg#3r1e,snli,dev,Men and women in swimsuits hangout on rocks above water.,The men and women are dressed in clothes for the beach.,entailment,3,False,,,"(swimsuit, beach clothes)","(swimsuit, cloth)","(swimsuit, clothes for the beach)",,,,False,False,False,esnli_validation_3448,validation,entailment,"Men and women dressed for the beach, which is above water, wear swimsuits.","If the men and women are dressed in clothes for the beach, it stands to reason the men and women are in swimsuits.","""swimsuits"" are a form of ""clothes for the beach""",True,True
98756067.jpg#1r1e,snli,dev,Two men practicing a form of martial arts in a wooden-floored studio.,"Few men practicing martial arts in a studio, which is wooden floored",entailment,3,False,,,NO_RELATION,"(two, few)","(two, few)",,,,False,False,True,esnli_validation_3076,validation,entailment,Men are practicing martial arts in a studio with a wooden floor.,"Two men are a few men, and wooden-floored studio is a paraphrase of studio, which is wooden floored.","Two men is inferred as Few men and wooden-floored studio is inferred as studio, which is wooden floored.",True,True
vg_len120r5e,snli,train,The sky is blue,The sky is visible.,entailment,2,False,,"(blue, visible)",,NO_RELATION,NO_RELATION,,False,False,,,True,esnli_train_174008,train,entailment,Knowing that the sky is blue implies that the sky is visible.,,,True,True
vg_len26r4e,snli,train,The spectators wear hats,The onlookers wear hats,entailment,2,True,,"(spectator, onlooker)","(spectator, onlooker)","(spectator, onlooker)",,True,True,,True,,,esnli_train_66047,train,entailment,Spectators are on lookers.,,,True,True
vg_len46r5e,snli,train,The boat is white,The boat isn't black.,entailment,2,False,,"(white, not black)",NO_RELATION,,NO_RELATION,False,,False,,True,,esnli_train_269489,train,entailment,The boat isn't black so that implies it must be white.,,,True,True
vg_len47r3e,snli,train,The man is white.,The man is pale.,entailment,2,False,,"(white, pale)",,NO_RELATION,"(white, pale)",,False,True,,,False,esnli_train_269478,train,entailment,Pale is a way to describe white.,,,True,True
vg_len47r4e,snli,train,The man is white.,The man is not black.,entailment,3,True,,,NO_RELATION,NO_RELATION,NO_RELATION,,,,True,True,True,esnli_train_269481,train,entailment,Not black is a way to describe white.,,,True,True
vg_len66r1e,snli,train,The cup is shiny.,The cup glitters,entailment,2,True,,NO_RELATION,NO_RELATION,NO_RELATION,,True,True,,True,,,esnli_train_77876,train,entailment,the cup which has gliters is shiny,,,True,True
vg_len84r1e,snli,train,The bus is gleaming,The bus is bright.,entailment,2,True,,"(gleaming, bright)","(gleaming, bright)",,"(gleaming, bright)",True,,True,,True,,esnli_train_146922,train,entailment,Gleaming bus is a bright bus.,,,True,True
